USER_ID,TREATMENT_GROUP,VERTICAL,ASP_BUCKET,LISTING_TOOL,GMV_TOTAL,QTY_TOTAL
2286511212,CONTROL,Fashion,02: 10-20,Shelby,135.214741,8
369773116,TREATMENT,Collectibles,06: 50-100,Shelby,1470.151541,27
289621108,CONTROL,Fashion,01: 0-10,Magi Native,6.657638,1
2208897158,TREATMENT,Home & Garden,01: 0-10,Shelby,19.730328,2
73952306,CONTROL,Collectibles,04: 30-40,Helix,129.689171,4
327153179,CONTROL,Lifestyle,02: 10-20,Magi Native,174.790356,15
1465567353,TREATMENT,Fashion,01: 0-10,Auto Relist,6.967609,1
129937649,CONTROL,Fashion,01: 0-10,Shelby,8.423125,1
1780418086,TREATMENT,Collectibles,02: 10-20,Magi Native,14.541683,1
2029066039,TREATMENT,Collectibles,07: 100-500,Magi Native,262.127650,2
63723980,TREATMENT,Fashion,03: 20-30,Helix,26.334058,1
2814236937,CONTROL,Fashion,05: 40-50,Shelby,138.893962,3
2766744305,CONTROL,Fashion,02: 10-20,Magi Native,55.552194,3
2146801898,CONTROL,Home & Garden,02: 10-20,CUB,274.297381,18
1304330968,TREATMENT,Collectibles,05: 40-50,Shelby,46.953868,1
139711156,TREATMENT,Parts & Accessories,03: 20-30,Magi Native,20.552425,1
1939449991,CONTROL,Fashion,03: 20-30,C2C BOLT,104.352411,4
2836667565,CONTROL,Electronics,02: 10-20,Shelby,15.633320,1
2410968157,TREATMENT,Parts & Accessories,03: 20-30,Magi Native,22.277481,1
186395340,CONTROL,Collectibles,01: 0-10,Magi Native,20.431132,2
1168794531,TREATMENT,Lifestyle,01: 0-10,Helix,8.800481,1
1737879518,CONTROL,Parts & Accessories,06: 50-100,Auto Relist,164.821931,2
2245494554,CONTROL,Home & Garden,01: 0-10,C2C BOLT,72.236720,11
160397988,CONTROL,Collectibles,03: 20-30,Helix,44.420192,2
2572091619,TREATMENT,Electronics,02: 10-20,Shelby,170.281895,10
397772262,CONTROL,Business & Industrial,02: 10-20,Shelby,19.043001,1
2765420518,CONTROL,Collectibles,01: 0-10,Magi Native,11.280249,2
670092315,TREATMENT,Collectibles,05: 40-50,Magi Native,83.927926,2
2671481667,CONTROL,Collectibles,06: 50-100,Shelby,61.845953,1
2660722561,TREATMENT,Fashion,02: 10-20,Magi Native,17.439238,1
392920017,CONTROL,Fashion,01: 0-10,Auto Relist,5.539047,1
2503080705,TREATMENT,Home & Garden,05: 40-50,Magi Native,44.811025,1
1433442143,CONTROL,Fashion,04: 30-40,Magi Native,65.484743,2
1843207589,TREATMENT,Home & Garden,04: 30-40,Shelby,109.864504,3
170537271,CONTROL,Fashion,02: 10-20,Shelby,19.959437,1
1000016464,CONTROL,Parts & Accessories,03: 20-30,Magi Native,28.220838,1
1908397134,CONTROL,Home & Garden,01: 0-10,Shelby,91.171905,13
135395238,CONTROL,Electronics,01: 0-10,Magi Native,16.904651,4
2137889725,TREATMENT,Lifestyle,01: 0-10,Helix,7.506689,1
2763450133,CONTROL,Electronics,07: 100-500,Magi Native,332.019372,1
2340468639,TREATMENT,Fashion,06: 50-100,Helix,515.266141,8
388057863,TREATMENT,Collectibles,06: 50-100,Shelby,147.680966,2
549790136,TREATMENT,Electronics,04: 30-40,Shelby,158.866876,4
2139327226,CONTROL,Media,01: 0-10,Others,16.538462,2
957822257,TREATMENT,Electronics,07: 100-500,Magi Native,351.722746,2
2075126736,TREATMENT,Fashion,01: 0-10,Helix,169.742815,30
101938846,CONTROL,Fashion,03: 20-30,Shelby,22.830038,1
1286011146,TREATMENT,Fashion,05: 40-50,Auto Relist,46.953868,1
1448179569,TREATMENT,Fashion,05: 40-50,Magi Native,91.347106,2
2741085775,TREATMENT,Fashion,06: 50-100,Magi Native,89.595096,1
2377565555,TREATMENT,Lifestyle,06: 50-100,Others,84.824238,1
769344121,CONTROL,Electronics,07: 100-500,Auto Relist,395.442134,1
106273965,TREATMENT,Fashion,02: 10-20,Magi Native,25.417622,2
562095823,TREATMENT,Electronics,06: 50-100,Helix,65.201726,1
2148166459,TREATMENT,Lifestyle,03: 20-30,Helix,21.751878,1
1077763602,CONTROL,Collectibles,06: 50-100,Shelby,63.004975,1
2498455851,CONTROL,Media,02: 10-20,Shelby,299.475891,21
326732753,CONTROL,Collectibles,04: 30-40,Magi Native,72.883616,2
1819466331,TREATMENT,Fashion,01: 0-10,3rd party API,82.600533,14
2249215942,TREATMENT,Electronics,01: 0-10,Helix,23.732997,5
2486811597,CONTROL,Parts & Accessories,03: 20-30,Helix,292.733917,12
1091357044,TREATMENT,Media,02: 10-20,Helix,19.110386,1
76068108,TREATMENT,Fashion,03: 20-30,Shelby,29.110320,1
2654377919,CONTROL,Media,04: 30-40,Magi Native,37.398675,1
1838620198,CONTROL,Fashion,01: 0-10,Magi Native,138.319803,18
133514273,TREATMENT,Fashion,05: 40-50,Shelby,45.808323,1
27469943,TREATMENT,Collectibles,03: 20-30,Helix,21.401476,1
90910595,CONTROL,Collectibles,02: 10-20,Helix,187.141622,13
1215857379,TREATMENT,Collectibles,05: 40-50,Magi Native,46.576512,1
217326500,CONTROL,Business & Industrial,04: 30-40,Helix,292.693486,8
1726512782,CONTROL,Lifestyle,06: 50-100,Magi Native,116.912975,2
84167352,CONTROL,Collectibles,03: 20-30,Helix,23.463457,1
984794437,CONTROL,Electronics,03: 20-30,Magi Native,21.455384,1
2052837434,TREATMENT,Lifestyle,06: 50-100,C2C BOLT,89.002108,1
47522196,CONTROL,Parts & Accessories,03: 20-30,Magi Native,25.727593,1
2818538837,CONTROL,Home & Garden,07: 100-500,Shelby,255.995615,1
1804726475,CONTROL,Home & Garden,01: 0-10,C2C BOLT,15.353176,2
2519887990,TREATMENT,Fashion,07: 100-500,Shelby,211.184590,1
1412434222,CONTROL,Home & Garden,06: 50-100,C2C BOLT,63.786641,1
1295328268,TREATMENT,Home & Garden,04: 30-40,Magi Native,138.503129,4
2442931837,CONTROL,Collectibles,07: 100-500,Shelby,125.255238,1
2670211332,CONTROL,Home & Garden,01: 0-10,Shelby,40.714017,5
2545659260,TREATMENT,Electronics,02: 10-20,Magi Native,11.401542,1
1258651691,CONTROL,Electronics,07: 100-500,Shelby,204.688676,1
1249963082,TREATMENT,Fashion,01: 0-10,Shelby,19.447311,3
1961418532,TREATMENT,Home & Garden,07: 100-500,Magi Native,298.070809,1
1150287428,CONTROL,Home & Garden,04: 30-40,Magi Native,71.428100,2
1930818325,CONTROL,Lifestyle,05: 40-50,Magi Native,44.447146,1
2769046338,CONTROL,Fashion,06: 50-100,Magi Native,93.206932,1
2438972233,TREATMENT,Parts & Accessories,04: 30-40,Magi Native,36.495716,1
2538351846,TREATMENT,Fashion,07: 100-500,Shelby,2163.543672,10
839390187,CONTROL,Collectibles,01: 0-10,BLING,67.061552,20
2715689174,CONTROL,Media,07: 100-500,Auto Relist,112.384703,1
38924133,CONTROL,Parts & Accessories,06: 50-100,Magi Native,278.475251,4
38326025,CONTROL,Collectibles,06: 50-100,Helix,256.709896,4
347088469,TREATMENT,Parts & Accessories,03: 20-30,Shelby,163.290599,6
74670016,TREATMENT,Parts & Accessories,07: 100-500,Magi Native,275.725943,2
1572666859,TREATMENT,Collectibles,07: 100-500,C2C BOLT,186.535157,1
2215383832,TREATMENT,Collectibles,02: 10-20,Shelby,101.252701,6
1293252447,CONTROL,Collectibles,07: 100-500,Shelby,792.802154,7
1686103033,CONTROL,Parts & Accessories,02: 10-20,Native B2C BOLT,18.517398,1
1878971771,TREATMENT,Collectibles,04: 30-40,Shelby,106.353500,3
19175703,CONTROL,Collectibles,02: 10-20,Helix,37.034796,2
2160471067,CONTROL,Collectibles,03: 20-30,C2C BOLT,44.502929,2
1894239655,CONTROL,Fashion,02: 10-20,Magi Native,15.633320,1
214462635,CONTROL,Fashion,01: 0-10,Shelby,135.085106,19
2783650813,TREATMENT,Parts & Accessories,05: 40-50,C2C BOLT,43.732865,1
2772722047,TREATMENT,Electronics,02: 10-20,C2C BOLT,17.075359,1
38639681,CONTROL,Collectibles,03: 20-30,Native B2C BOLT,76.266343,3
830058524,CONTROL,Business & Industrial,03: 20-30,Helix,162.155264,7
1140777633,TREATMENT,Collectibles,03: 20-30,Shelby,21.715461,1
2753538359,CONTROL,Fashion,02: 10-20,Shelby,30.862330,2
1065824071,CONTROL,Media,02: 10-20,Shelby,41.765223,3
883778664,TREATMENT,Collectibles,02: 10-20,Magi Native,29.501153,2
600646487,TREATMENT,Parts & Accessories,08: 500-1000,Shelby,902.554690,1
825434982,TREATMENT,Home & Garden,02: 10-20,Helix,479.947543,30
2245702442,TREATMENT,Parts & Accessories,03: 20-30,Magi Native,51.522571,2
456122849,CONTROL,Collectibles,06: 50-100,Helix,71.023790,1
956300581,TREATMENT,Collectibles,02: 10-20,Helix,24.582048,2
1578993296,CONTROL,Collectibles,07: 100-500,Helix,728.041017,2
2295930078,CONTROL,Home & Garden,07: 100-500,Shelby,549.120365,3
1193800207,TREATMENT,Business & Industrial,03: 20-30,Helix,537.152789,20
2302471763,CONTROL,Fashion,04: 30-40,Magi Native,36.657440,1
121418841,TREATMENT,Collectibles,06: 50-100,Helix,67.194104,1
17798319,CONTROL,Media,01: 0-10,BLING,14.501252,2
1063189540,CONTROL,Home & Garden,07: 100-500,Magi Native,320.631307,1
1055525844,TREATMENT,Lifestyle,07: 100-500,Others,106.387438,1
2248534284,TREATMENT,Collectibles,01: 0-10,Magi Native,50.377026,6
130611077,TREATMENT,Media,04: 30-40,Helix,72.748846,2
528073811,TREATMENT,Electronics,07: 100-500,Shelby,125.255238,1
360025843,TREATMENT,Collectibles,02: 10-20,Shelby,33.759885,2
1250586914,TREATMENT,Collectibles,04: 30-40,Shelby,74.123500,2
2697483621,CONTROL,Fashion,07: 100-500,Shelby,107.816000,1
169765630,TREATMENT,Media,02: 10-20,CUB,72.155858,4
107606446,CONTROL,Lifestyle,04: 30-40,Magi Native,30.943192,1
796646510,TREATMENT,Collectibles,06: 50-100,Magi Native,58.894490,1
1905091160,CONTROL,Collectibles,01: 0-10,Shelby,84.855245,10
1066009993,CONTROL,Home & Garden,06: 50-100,Magi Native,74.986028,1
2785802706,TREATMENT,Collectibles,06: 50-100,Shelby,118.641390,2
2652560077,TREATMENT,Electronics,02: 10-20,Helix,247.855507,18
2174272710,TREATMENT,Fashion,06: 50-100,C2C BOLT,70.956405,1
2321320302,TREATMENT,Fashion,02: 10-20,Shelby,20.471563,1
967043331,TREATMENT,Home & Garden,02: 10-20,Shelby,134.985632,10
2219315498,TREATMENT,Home & Garden,03: 20-30,BLING,25.714116,1
2751363413,TREATMENT,Fashion,02: 10-20,Magi Native,20.350270,1
1871693341,CONTROL,Electronics,06: 50-100,C2C BOLT,55.161361,1
2608969045,TREATMENT,Lifestyle,06: 50-100,Native B2C BOLT,205.781794,3
76262854,CONTROL,Electronics,07: 100-500,Helix,430.158886,1
1450807480,CONTROL,Collectibles,05: 40-50,Shelby,137.034136,3
192645698,TREATMENT,Media,01: 0-10,BLING,19.770759,2
1072749323,CONTROL,Media,05: 40-50,Helix,93.873344,2
1154908644,CONTROL,Electronics,09: >1000,Helix,2791.019315,1
2714355660,TREATMENT,Lifestyle,04: 30-40,Helix,38.072525,1
73223019,TREATMENT,Parts & Accessories,02: 10-20,Shelby,33.827270,2
2265464301,CONTROL,Lifestyle,03: 20-30,Shelby,26.334058,1
2073823040,TREATMENT,Electronics,06: 50-100,Magi Native,69.473935,1
1138691804,TREATMENT,Collectibles,02: 10-20,Helix,36.926980,2
1085039701,CONTROL,Electronics,05: 40-50,Magi Native,40.997034,1
54831132,TREATMENT,Electronics,01: 0-10,Shelby,27.398741,3
1704273504,CONTROL,Electronics,02: 10-20,Magi Native,19.379926,1
2257442734,CONTROL,Collectibles,02: 10-20,Magi Native,25.589714,2
1077414825,CONTROL,Media,04: 30-40,Helix,377.787264,11
1029646889,TREATMENT,Lifestyle,02: 10-20,Shelby,119.163634,10
2284428047,TREATMENT,Home & Garden,03: 20-30,Auto Relist,24.258600,1
2051700852,TREATMENT,Electronics,07: 100-500,Shelby,209.486488,1
1085459067,CONTROL,Parts & Accessories,05: 40-50,Shelby,177.842492,4
300821746,CONTROL,Electronics,07: 100-500,Helix,1045.559137,3
2807523864,CONTROL,Fashion,01: 0-10,Auto Relist,30.794945,4
2804572982,CONTROL,Fashion,03: 20-30,Shelby,4654.794076,173
2737603453,TREATMENT,Electronics,02: 10-20,Helix,100.349742,7
1211096326,CONTROL,Fashion,06: 50-100,Shelby,81.994068,1
1188747286,CONTROL,Fashion,05: 40-50,Auto Relist,40.538816,1
1332319744,CONTROL,Collectibles,07: 100-500,Magi Native,404.310000,1
637347396,TREATMENT,Media,03: 20-30,Helix,98.489916,4
2560768690,CONTROL,Fashion,06: 50-100,Magi Native,83.638262,1
1135975829,TREATMENT,Collectibles,07: 100-500,Auto Relist,102.694740,1
2217932677,CONTROL,Collectibles,05: 40-50,Auto Relist,47.169500,1
2650520607,TREATMENT,Home & Garden,03: 20-30,Helix,22.830038,1
89438540,TREATMENT,Collectibles,06: 50-100,Shelby,94.136845,1
988556320,TREATMENT,Home & Garden,06: 50-100,Helix,121.212138,2
2824694376,CONTROL,Electronics,07: 100-500,Helix,1652.630602,5
2332075924,CONTROL,Fashion,01: 0-10,Helix,122.116907,20
88588904,CONTROL,Fashion,06: 50-100,Auto Relist,90.039837,1
1052473837,CONTROL,Collectibles,01: 0-10,Magi Native,6.981086,1
2386877740,CONTROL,Electronics,07: 100-500,Magi Native,144.338670,1
1314337440,TREATMENT,Lifestyle,03: 20-30,Magi Native,27.344833,1
801038199,TREATMENT,Fashion,02: 10-20,Magi Native,15.633320,1
2573384144,TREATMENT,Fashion,07: 100-500,Native B2C BOLT,188.556707,1
2830148765,CONTROL,Lifestyle,04: 30-40,Magi Native,69.150487,2
61375086,TREATMENT,Fashion,03: 20-30,Magi Native,25.727593,1
313016771,TREATMENT,Media,02: 10-20,Helix,70.727296,4
2077349472,CONTROL,Fashion,01: 0-10,Magi Native,72.600600,12
2639733250,CONTROL,Business & Industrial,07: 100-500,Shelby,155.106793,1
143406974,CONTROL,Fashion,02: 10-20,Magi Native,18.517398,1
1718589504,CONTROL,Home & Garden,06: 50-100,Magi Native,57.021187,1
2668916532,TREATMENT,Parts & Accessories,03: 20-30,Native B2C BOLT,25.471530,1
1478423064,TREATMENT,Fashion,01: 0-10,Auto Relist,9.851687,1
1139970060,TREATMENT,Lifestyle,03: 20-30,Magi Native,21.657539,1
1864164436,CONTROL,Fashion,06: 50-100,Magi Native,279.647750,4
2054792167,TREATMENT,Collectibles,02: 10-20,Magi Native,17.425761,1
1846440516,CONTROL,Collectibles,02: 10-20,Magi Native,11.024186,1
78431359,TREATMENT,Electronics,02: 10-20,Shelby,26.940523,2
1353739442,CONTROL,Collectibles,01: 0-10,Magi Native,9.905595,1
2423574732,TREATMENT,Electronics,01: 0-10,Shelby,10.390767,1
2329805400,TREATMENT,Electronics,07: 100-500,Helix,125.929088,1
1542458117,TREATMENT,Electronics,06: 50-100,Helix,52.344668,1
158299019,TREATMENT,Parts & Accessories,07: 100-500,Shelby,121.293000,1
2636749953,TREATMENT,Home & Garden,02: 10-20,Magi Native,106.530294,6
740227586,TREATMENT,Media,05: 40-50,Shelby,88.268079,2
2828332033,CONTROL,Media,05: 40-50,Helix,48.961941,1
2758960824,CONTROL,Electronics,04: 30-40,Magi Native,30.916238,1
42596713,CONTROL,Collectibles,02: 10-20,Helix,49.891854,3
6061779,CONTROL,Media,02: 10-20,Helix,47.964643,3
1776351440,TREATMENT,Parts & Accessories,04: 30-40,Native B2C BOLT,39.838012,1
157402719,TREATMENT,Fashion,01: 0-10,Auto Relist,54.662720,12
1594935262,TREATMENT,Fashion,06: 50-100,BLING,1729.502110,27
200641878,TREATMENT,Fashion,02: 10-20,Magi Native,41.509160,3
1179116439,TREATMENT,Collectibles,03: 20-30,Magi Native,30.121095,1
1285279884,TREATMENT,Collectibles,06: 50-100,Shelby,56.522538,1
97515710,TREATMENT,Collectibles,02: 10-20,Shelby,111.966916,7
2723709733,CONTROL,Electronics,03: 20-30,Shelby,27.250494,1
2822233301,CONTROL,Home & Garden,03: 20-30,BLING,176.616085,7
1590606940,CONTROL,Electronics,06: 50-100,Helix,54.554896,1
63248595,CONTROL,Fashion,04: 30-40,Magi Native,120.201363,3
2780467643,TREATMENT,Home & Garden,03: 20-30,Shelby,46.846052,2
171075679,CONTROL,Home & Garden,01: 0-10,Helix,9.226129,1
1558381922,CONTROL,Collectibles,04: 30-40,Native B2C BOLT,33.557730,1
2431308098,CONTROL,Collectibles,06: 50-100,Magi Native,459.579177,8
1165173963,TREATMENT,Collectibles,06: 50-100,Helix,1001.907134,18
1619662924,TREATMENT,Electronics,01: 0-10,Magi Native,6.563299,1
30317430,TREATMENT,Home & Garden,07: 100-500,Helix,195.416500,1
2806687156,CONTROL,Collectibles,02: 10-20,Magi Native,494.620224,35
753525457,TREATMENT,Home & Garden,03: 20-30,Magi Native,25.727593,1
2519654099,CONTROL,Collectibles,02: 10-20,C2C BOLT,13.369184,1
300027431,TREATMENT,Media,01: 0-10,Helix,45.546550,5
1777984319,TREATMENT,Lifestyle,05: 40-50,Shelby,41.832608,1
1121631997,TREATMENT,Home & Garden,03: 20-30,BLING,21.994464,1
351836235,CONTROL,Collectibles,03: 20-30,Helix,54.905298,2
2572874626,TREATMENT,Fashion,06: 50-100,Magi Native,74.986028,1
531084151,TREATMENT,Fashion,02: 10-20,Shelby,652.980374,43
2757493919,CONTROL,Home & Garden,07: 100-500,Others,113.072030,1
94834682,TREATMENT,Collectibles,04: 30-40,Others,31.495749,1
1681413096,TREATMENT,Collectibles,02: 10-20,Native B2C BOLT,235.753161,18
1355931767,TREATMENT,Collectibles,02: 10-20,Shelby,19.110386,1
2831322842,TREATMENT,Fashion,02: 10-20,Helix,37.735600,2
2513330567,CONTROL,Fashion,03: 20-30,Shelby,26.940523,1
2710926526,CONTROL,Collectibles,01: 0-10,Magi Native,62.831666,8
552851520,CONTROL,Collectibles,04: 30-40,Auto Relist,75.309476,2
136445365,TREATMENT,Business & Industrial,06: 50-100,C2C BOLT,54.110155,1
2746469276,TREATMENT,Fashion,01: 0-10,Shelby,6.981086,1
87608357,TREATMENT,Home & Garden,07: 100-500,C2C BOLT,233.125146,1
97971313,CONTROL,Collectibles,05: 40-50,Magi Native,40.565770,1
798288849,TREATMENT,Fashion,06: 50-100,Shelby,845.829997,11
2468369683,CONTROL,Collectibles,01: 0-10,Auto Relist,24.191215,4
2204224997,TREATMENT,Fashion,01: 0-10,Native B2C BOLT,25.606300,5
1000907434,CONTROL,Collectibles,02: 10-20,Magi Native,115.861283,7
573258837,TREATMENT,Electronics,06: 50-100,Shelby,163.516441,3
2025947974,CONTROL,Fashion,01: 0-10,Magi Native,50.174871,6
2432822578,TREATMENT,Lifestyle,07: 100-500,Auto Relist,116.117832,1
1826318560,CONTROL,Fashion,03: 20-30,Helix,28.962073,1
1353720749,TREATMENT,Media,04: 30-40,Auto Relist,70.498187,2
185424458,CONTROL,Fashion,02: 10-20,Magi Native,14.770792,1
2731016364,TREATMENT,Media,01: 0-10,Magi Native,7.695367,1
1448146010,CONTROL,Home & Garden,03: 20-30,Magi Native,43.705911,2
1477585606,CONTROL,Collectibles,02: 10-20,Helix,12.884012,1
2440148501,TREATMENT,Electronics,09: >1000,Others,1281.864855,1
2139768717,CONTROL,Fashion,06: 50-100,Auto Relist,78.045307,1
73314232,CONTROL,Parts & Accessories,02: 10-20,Magi Native,12.681857,1
51659059,TREATMENT,Collectibles,04: 30-40,Helix,33.530776,1
948798480,CONTROL,Lifestyle,06: 50-100,Shelby,58.077826,1
1115782473,TREATMENT,Electronics,07: 100-500,Magi Native,103.301205,1
2564014710,CONTROL,Collectibles,06: 50-100,Magi Native,176.400453,2
2400257559,CONTROL,Lifestyle,05: 40-50,Others,46.967345,1
1105230196,TREATMENT,Lifestyle,07: 100-500,Shelby,219.338175,1
2746164544,TREATMENT,Home & Garden,06: 50-100,Helix,518.150219,8
28794999,CONTROL,Fashion,02: 10-20,C2C BOLT,17.439238,1
110208426,TREATMENT,Media,01: 0-10,Helix,314.364502,44
2748746735,CONTROL,Collectibles,08: 500-1000,Magi Native,546.573212,1
636538516,CONTROL,Fashion,01: 0-10,Auto Relist,9.029590,1
1660109709,CONTROL,Electronics,06: 50-100,Magi Native,92.061387,1
2789755068,TREATMENT,Media,01: 0-10,Magi Native,9.838210,1
1588049953,TREATMENT,Electronics,02: 10-20,Shelby,14.069988,1
999159326,TREATMENT,Fashion,02: 10-20,Magi Native,18.517398,1
1756067650,CONTROL,Electronics,02: 10-20,Auto Relist,17.102313,1
1563657513,CONTROL,Collectibles,03: 20-30,Magi Native,21.401476,1
87787572,CONTROL,Media,02: 10-20,Helix,10.700738,1
72112111,TREATMENT,Collectibles,02: 10-20,Helix,118.941117,8
99357460,CONTROL,Home & Garden,06: 50-100,Shelby,109.001976,2
2525091247,CONTROL,Collectibles,03: 20-30,Shelby,21.387999,1
550672349,CONTROL,Lifestyle,04: 30-40,Magi Native,100.390173,3
2453527776,TREATMENT,Collectibles,07: 100-500,Shelby,2307.652206,9
2521909043,TREATMENT,Collectibles,08: 500-1000,Helix,606.465000,1
183263403,TREATMENT,Collectibles,02: 10-20,Shelby,44.258468,3
1881925210,TREATMENT,Parts & Accessories,03: 20-30,Magi Native,41.360913,2
119569542,CONTROL,Fashion,03: 20-30,Magi Native,75.646401,3
1331298038,CONTROL,Home & Garden,02: 10-20,Helix,11.873237,1
2831327645,TREATMENT,Home & Garden,03: 20-30,Helix,418.029586,17
2754502364,CONTROL,Collectibles,03: 20-30,Magi Native,113.761282,5
737894349,CONTROL,Fashion,06: 50-100,Shelby,179.173332,2
2597270738,TREATMENT,Electronics,07: 100-500,C2C BOLT,109.783642,1
209994116,CONTROL,Electronics,08: 500-1000,Helix,638.418967,1
5771515,CONTROL,Home & Garden,06: 50-100,Helix,60.646500,1
2432514266,CONTROL,Electronics,08: 500-1000,Shelby,875.870230,1
2599177802,TREATMENT,Parts & Accessories,07: 100-500,C2C BOLT,135.484281,1
2253480413,TREATMENT,Collectibles,06: 50-100,Magi Native,57.546790,1
2242209864,TREATMENT,Collectibles,06: 50-100,Magi Native,75.096044,1
2650111716,CONTROL,Electronics,06: 50-100,Shelby,60.646500,1
2249695659,TREATMENT,Fashion,02: 10-20,Magi Native,56.536015,5
748956292,CONTROL,Collectibles,06: 50-100,Shelby,308.677208,4
2160471067,CONTROL,Collectibles,01: 0-10,C2C BOLT,7.075894,1
63564682,TREATMENT,Fashion,03: 20-30,Magi Native,26.954000,1
21191166,TREATMENT,Lifestyle,02: 10-20,Native B2C BOLT,11.671082,1
100468227,TREATMENT,Parts & Accessories,03: 20-30,Magi Native,50.579181,2
2814827339,TREATMENT,Home & Garden,03: 20-30,Helix,406.399088,15
1655749802,TREATMENT,Fashion,01: 0-10,Shelby,8.355740,1
2183060114,TREATMENT,Fashion,01: 0-10,Magi Native,9.353038,1
107462647,CONTROL,Fashion,04: 30-40,Others,33.692500,1
455232800,CONTROL,Electronics,06: 50-100,Shelby,75.983326,1
2649829426,TREATMENT,Fashion,03: 20-30,Shelby,24.797680,1
1099782078,TREATMENT,Collectibles,03: 20-30,Helix,103.476406,4
436133988,CONTROL,Electronics,01: 0-10,Shelby,20.417655,3
423123243,CONTROL,Collectibles,03: 20-30,Shelby,77.155825,3
1249852972,CONTROL,Electronics,06: 50-100,Magi Native,65.093910,1
2733402591,TREATMENT,Electronics,01: 0-10,Magi Native,17.439238,2
1808942443,TREATMENT,Electronics,01: 0-10,Native B2C BOLT,14.528206,2
85158993,TREATMENT,Electronics,02: 10-20,Auto Relist,19.932483,1
64019140,TREATMENT,Collectibles,02: 10-20,Helix,120.928369,8
2703946897,TREATMENT,Parts & Accessories,07: 100-500,Shelby,188.893632,1
1501032126,TREATMENT,Fashion,02: 10-20,Magi Native,63.854026,4
1094640474,CONTROL,Business & Industrial,04: 30-40,Helix,30.902761,1
1050532973,TREATMENT,Collectibles,03: 20-30,Shelby,152.492255,6
149041841,CONTROL,Electronics,06: 50-100,Helix,452.517071,7
2512058762,TREATMENT,Media,02: 10-20,Shelby,35.013246,3
77200047,CONTROL,Media,01: 0-10,Shelby,18.989093,3
984892507,CONTROL,Lifestyle,03: 20-30,Helix,44.094572,2
1806627309,TREATMENT,Electronics,07: 100-500,Others,114.082805,1
191099071,CONTROL,Fashion,05: 40-50,Shelby,47.479471,1
53143802,CONTROL,Electronics,02: 10-20,Helix,14.676453,1
1193602879,CONTROL,Fashion,03: 20-30,Helix,24.285554,1
1030272037,CONTROL,Lifestyle,07: 100-500,Magi Native,451.452546,1
1154306645,CONTROL,Business & Industrial,04: 30-40,Magi Native,35.013246,1
2395945457,TREATMENT,Home & Garden,04: 30-40,Shelby,99.918478,3
2621380890,CONTROL,Fashion,05: 40-50,Shelby,40.552293,1
2261383855,CONTROL,Collectibles,06: 50-100,Helix,57.546790,1
2576935192,TREATMENT,Business & Industrial,02: 10-20,Magi Native,18.032226,1
1014705027,TREATMENT,Home & Garden,02: 10-20,Magi Native,76.657176,6
611609248,TREATMENT,Media,04: 30-40,Helix,35.983590,1
134889869,CONTROL,Home & Garden,06: 50-100,Shelby,51.212600,1
36730780,TREATMENT,Fashion,05: 40-50,Helix,44.986226,1
2142162073,TREATMENT,Collectibles,02: 10-20,Magi Native,39.069823,3
286983602,TREATMENT,Fashion,02: 10-20,Helix,177.977262,11
1983817415,TREATMENT,Collectibles,04: 30-40,Magi Native,70.862066,2
1941759951,CONTROL,Collectibles,07: 100-500,Magi Native,187.761564,1
172138011,TREATMENT,Media,01: 0-10,BLING,9.123929,1
91326078,TREATMENT,Collectibles,03: 20-30,Magi Native,26.846184,1
2625184593,CONTROL,Fashion,06: 50-100,Magi Native,79.433438,1
48642706,CONTROL,Collectibles,04: 30-40,Shelby,35.094108,1
110625323,CONTROL,Media,02: 10-20,Magi Native,39.285455,2
2531553501,TREATMENT,Collectibles,02: 10-20,Shelby,39.554995,2
182912146,TREATMENT,Collectibles,02: 10-20,Shelby,16.091538,1
595289513,TREATMENT,Home & Garden,01: 0-10,BLING,47.398607,9
705780804,TREATMENT,Fashion,04: 30-40,Magi Native,39.945828,1
1196783688,CONTROL,Fashion,02: 10-20,Magi Native,63.611440,4
70880130,CONTROL,Media,01: 0-10,Magi Native,18.653993,2
61303493,CONTROL,Parts & Accessories,04: 30-40,C2C BOLT,31.522703,1
301895624,CONTROL,Electronics,05: 40-50,Shelby,41.657407,1
2451607452,CONTROL,Fashion,04: 30-40,C2C BOLT,35.619711,1
2451764406,CONTROL,Media,02: 10-20,Magi Native,290.685413,17
2490925645,TREATMENT,Fashion,06: 50-100,Shelby,98.355146,1
140425052,TREATMENT,Collectibles,07: 100-500,Helix,103.045142,1
758661803,TREATMENT,Collectibles,06: 50-100,Magi Native,323.448000,4
1178538942,CONTROL,Media,02: 10-20,Helix,33.584684,2
302109511,TREATMENT,Collectibles,06: 50-100,Helix,72.977955,1
2448042373,CONTROL,Home & Garden,04: 30-40,Native B2C BOLT,325.717525,10
911908539,CONTROL,Fashion,04: 30-40,Magi Native,37.614307,1
1703858083,CONTROL,Fashion,01: 0-10,Auto Relist,32.095476,4
2283434722,TREATMENT,Lifestyle,06: 50-100,C2C BOLT,167.465202,2
160086232,CONTROL,Fashion,02: 10-20,Auto Relist,12.048438,1
100396581,TREATMENT,Media,02: 10-20,Helix,15.350303,1
2032324542,CONTROL,Home & Garden,03: 20-30,Auto Relist,28.962073,1
1429863646,CONTROL,Collectibles,02: 10-20,Helix,13.935218,1
2226233458,CONTROL,Fashion,06: 50-100,Shelby,89.578236,1
129854689,TREATMENT,Fashion,04: 30-40,Magi Native,32.263938,1
25067794,TREATMENT,Fashion,01: 0-10,Auto Relist,13.234414,2
928484894,TREATMENT,Electronics,05: 40-50,Shelby,48.126367,1
235387901,TREATMENT,Parts & Accessories,04: 30-40,Helix,31.153858,1
1600309035,CONTROL,Electronics,04: 30-40,Helix,259.095325,7
104162929,TREATMENT,Fashion,01: 0-10,Helix,8.948728,1
51022316,TREATMENT,Collectibles,04: 30-40,Shelby,40.431000,1
1576423684,CONTROL,Fashion,01: 0-10,Auto Relist,139.392611,16
2760758429,TREATMENT,Fashion,01: 0-10,Magi Native,16.239785,4
1878183977,CONTROL,Fashion,06: 50-100,Shelby,130.349544,2
450179372,TREATMENT,Lifestyle,01: 0-10,Magi Native,14.326051,2
1189528885,CONTROL,Collectibles,01: 0-10,Helix,9.016113,1
1013846349,CONTROL,Fashion,01: 0-10,Helix,56.724693,7
100808239,CONTROL,Parts & Accessories,02: 10-20,Magi Native,16.684526,1
1580935615,TREATMENT,Collectibles,06: 50-100,Shelby,66.697673,1
30381503,TREATMENT,Lifestyle,03: 20-30,Shelby,20.971526,1
1429403987,TREATMENT,Business & Industrial,04: 30-40,Shelby,135.241695,4
2811694229,TREATMENT,Fashion,06: 50-100,Shelby,88.355212,1
1608513153,TREATMENT,Fashion,05: 40-50,Magi Native,44.191083,1
1746891843,TREATMENT,Lifestyle,06: 50-100,Shelby,554.376395,9
88091967,TREATMENT,Collectibles,04: 30-40,Shelby,62.492849,2
124910485,TREATMENT,Collectibles,02: 10-20,Helix,15.350303,1
363004086,TREATMENT,Fashion,01: 0-10,Helix,20.215500,3
1318569591,TREATMENT,Media,01: 0-10,Helix,14.609068,2
2625440090,CONTROL,Collectibles,04: 30-40,Others,1206.514030,33
2660233092,TREATMENT,Collectibles,02: 10-20,Auto Relist,11.293726,1
1454590654,TREATMENT,Electronics,02: 10-20,Shelby,14.541683,1
2779849604,CONTROL,Collectibles,02: 10-20,Magi Native,13.544385,1
1137132459,TREATMENT,Fashion,03: 20-30,Shelby,28.786872,1
1132485343,TREATMENT,Collectibles,04: 30-40,Shelby,150.101426,4
1820264783,TREATMENT,Electronics,06: 50-100,Magi Native,60.821701,1
2652747989,CONTROL,Home & Garden,07: 100-500,Magi Native,719.586558,5
121811330,TREATMENT,Media,01: 0-10,Helix,64.863793,7
2706389879,TREATMENT,Electronics,05: 40-50,Helix,235.982270,5
1409505573,CONTROL,Collectibles,02: 10-20,Native B2C BOLT,122.344206,10
134659081,CONTROL,Collectibles,01: 0-10,C2C BOLT,84.379497,9
71726451,TREATMENT,Collectibles,06: 50-100,Auto Relist,82.587056,1
2335068678,CONTROL,Electronics,04: 30-40,Magi Native,61.913338,2
759877036,TREATMENT,Fashion,03: 20-30,Magi Native,22.115757,1
1917350555,CONTROL,Parts & Accessories,02: 10-20,Helix,36.185745,2
217476284,CONTROL,Collectibles,06: 50-100,Shelby,55.188315,1
58417406,CONTROL,Media,02: 10-20,Helix,86.630156,6
804519241,TREATMENT,Collectibles,05: 40-50,Magi Native,94.729833,2
2646092116,CONTROL,Electronics,06: 50-100,Helix,367.477359,6
2060389058,TREATMENT,Collectibles,01: 0-10,Shelby,10.350336,1
2675468005,TREATMENT,Collectibles,02: 10-20,Shelby,16.828653,1
2830299023,TREATMENT,Fashion,07: 100-500,Magi Native,197.155033,1
2796024153,TREATMENT,Fashion,03: 20-30,Shelby,196.252074,8
395909003,CONTROL,Fashion,02: 10-20,Auto Relist,15.565935,1
123844961,CONTROL,Parts & Accessories,05: 40-50,Magi Native,93.975121,2
1679116433,TREATMENT,Media,02: 10-20,Magi Native,49.568406,3
696853255,TREATMENT,Collectibles,05: 40-50,Helix,49.460590,1
2778065873,TREATMENT,Collectibles,06: 50-100,Magi Native,391.173855,6
2301825335,TREATMENT,Fashion,02: 10-20,Magi Native,16.819296,1
1109526244,CONTROL,Collectibles,07: 100-500,Magi Native,377.032552,1
1412536727,TREATMENT,Electronics,01: 0-10,BLING,5.309938,1
1209243069,CONTROL,Media,03: 20-30,Shelby,337.059665,14
2679366177,CONTROL,Collectibles,06: 50-100,Shelby,52.560300,1
2103745126,TREATMENT,Media,02: 10-20,Magi Native,42.897291,3
358830899,TREATMENT,Electronics,02: 10-20,Shelby,11.751944,1
1059560505,CONTROL,Collectibles,06: 50-100,Magi Native,124.527480,2
1258735014,CONTROL,Fashion,02: 10-20,Shelby,96.212303,6
966518935,CONTROL,Fashion,02: 10-20,Auto Relist,15.619843,1
2405258175,CONTROL,Lifestyle,07: 100-500,Shelby,1396.028522,5
47561065,TREATMENT,Fashion,03: 20-30,Shelby,161.414029,6
273501473,CONTROL,Fashion,03: 20-30,Shelby,20.606333,1
843199189,CONTROL,Collectibles,02: 10-20,Shelby,37.802985,2
159301735,CONTROL,Electronics,04: 30-40,Shelby,31.505791,1
799580882,TREATMENT,Collectibles,02: 10-20,Magi Native,28.355608,2
2581133678,TREATMENT,Parts & Accessories,06: 50-100,Shelby,91.899663,1
2621405257,CONTROL,Collectibles,02: 10-20,Magi Native,97.169170,7
2708122012,CONTROL,Collectibles,03: 20-30,Shelby,42.075194,2
1452394832,TREATMENT,Electronics,07: 100-500,Shelby,100.740575,1
47626677,CONTROL,Lifestyle,03: 20-30,Helix,49.885240,2
839092845,CONTROL,Fashion,06: 50-100,Others,75.012982,1
1718097010,TREATMENT,Parts & Accessories,07: 100-500,Shelby,442.598157,1
161882091,TREATMENT,Fashion,02: 10-20,Helix,63.328423,4
1148003810,CONTROL,Media,01: 0-10,Others,9.420423,1
2573485933,CONTROL,Media,01: 0-10,Magi Native,10.255997,1
2559472464,TREATMENT,Fashion,03: 20-30,Magi Native,232.478250,9
1312953272,TREATMENT,Electronics,07: 100-500,Magi Native,201.777644,1
1304994411,CONTROL,Home & Garden,03: 20-30,Helix,445.859591,16
859402397,CONTROL,Fashion,02: 10-20,Shelby,37.034796,2
2463577620,TREATMENT,Media,02: 10-20,Magi Native,93.988598,8
1267727015,CONTROL,Parts & Accessories,07: 100-500,Shelby,348.593649,3
1507029141,TREATMENT,Collectibles,07: 100-500,Shelby,104.716290,1
2586724944,TREATMENT,Business & Industrial,02: 10-20,Shelby,11.846283,1
1557530917,CONTROL,Lifestyle,07: 100-500,Shelby,213.489157,1
2655467813,CONTROL,Fashion,05: 40-50,Magi Native,44.150652,1
2291996544,CONTROL,Lifestyle,02: 10-20,Shelby,110.419994,8
1194525947,TREATMENT,Home & Garden,02: 10-20,Magi Native,16.172400,1
1426329357,CONTROL,Collectibles,04: 30-40,Helix,40.404046,1
195714072,TREATMENT,Fashion,04: 30-40,Magi Native,33.692500,1
1464089186,CONTROL,Collectibles,02: 10-20,Shelby,69.352642,4
2196762032,TREATMENT,Parts & Accessories,06: 50-100,Magi Native,78.045307,1
2683262727,CONTROL,Collectibles,06: 50-100,Others,229.109000,3
372114107,TREATMENT,Business & Industrial,02: 10-20,Helix,13.396138,1
1015326126,TREATMENT,Electronics,06: 50-100,Magi Native,124.082739,2
547322224,TREATMENT,Collectibles,02: 10-20,Helix,29.325952,2
2769155426,CONTROL,Business & Industrial,01: 0-10,Helix,29.056412,4
39834590,TREATMENT,Collectibles,04: 30-40,Shelby,74.959074,2
421353333,CONTROL,Fashion,05: 40-50,Auto Relist,42.546889,1
85003836,TREATMENT,Collectibles,06: 50-100,Magi Native,86.818834,1
2704437313,CONTROL,Lifestyle,02: 10-20,Auto Relist,14.851654,1
700189611,TREATMENT,Home & Garden,05: 40-50,Helix,40.538816,1
1065657908,TREATMENT,Electronics,06: 50-100,Shelby,53.908000,1
757099710,CONTROL,Fashion,07: 100-500,C2C BOLT,411.318040,1
1102073184,CONTROL,Home & Garden,02: 10-20,Magi Native,35.687096,2
2589617650,CONTROL,Home & Garden,02: 10-20,Magi Native,121.602971,7
2809330917,CONTROL,Collectibles,06: 50-100,C2C BOLT,132.788881,2
86367071,TREATMENT,Fashion,03: 20-30,Native B2C BOLT,193.192795,8
1082240853,TREATMENT,Media,01: 0-10,C2C BOLT,46.282805,5
800735523,CONTROL,Collectibles,08: 500-1000,Magi Native,639.456696,1
2526495643,CONTROL,Lifestyle,01: 0-10,Shelby,444.323213,91
2774032453,CONTROL,Electronics,06: 50-100,Helix,254.661392,4
83828152,TREATMENT,Electronics,07: 100-500,Magi Native,138.678330,1
395358307,CONTROL,Lifestyle,04: 30-40,Helix,35.916205,1
1566918340,CONTROL,Electronics,03: 20-30,Shelby,51.428232,2
2470251974,CONTROL,Fashion,02: 10-20,Magi Native,26.118426,2
2698894633,CONTROL,Fashion,01: 0-10,Magi Native,24.352939,3
1676638821,CONTROL,Media,03: 20-30,Helix,25.752335,1
227553948,CONTROL,Lifestyle,07: 100-500,Others,112.384703,1
276935184,CONTROL,Lifestyle,02: 10-20,Magi Native,19.110386,1
1146898402,TREATMENT,Collectibles,02: 10-20,Helix,13.463523,1
413721104,CONTROL,Media,05: 40-50,Auto Relist,41.037465,1
73436760,CONTROL,Parts & Accessories,07: 100-500,Magi Native,184.068866,1
166330093,CONTROL,Collectibles,03: 20-30,Shelby,29.568538,1
1593784159,CONTROL,Electronics,03: 20-30,Magi Native,28.220838,1
166282178,CONTROL,Fashion,03: 20-30,Helix,174.136317,7
954384661,TREATMENT,Electronics,02: 10-20,Magi Native,17.937887,1
132188009,CONTROL,Media,04: 30-40,Magi Native,107.573414,3
61372651,TREATMENT,Electronics,07: 100-500,Helix,344.687752,3
2635196250,TREATMENT,Business & Industrial,02: 10-20,Shelby,57.816330,4
2704821827,CONTROL,Collectibles,02: 10-20,BLING,49.595360,3
1108495986,TREATMENT,Home & Garden,02: 10-20,Shelby,18.517398,1
2703128932,TREATMENT,Collectibles,03: 20-30,Shelby,26.334058,1
1136168720,CONTROL,Fashion,04: 30-40,Helix,608.958245,18
297618534,CONTROL,Fashion,06: 50-100,Shelby,229.486356,4
2684570162,CONTROL,Collectibles,01: 0-10,C2C BOLT,15.148148,2
2713698723,CONTROL,Lifestyle,04: 30-40,Shelby,31.778766,1
241844506,CONTROL,Electronics,06: 50-100,Magi Native,68.570976,1
170330325,TREATMENT,Electronics,07: 100-500,Helix,187.990673,1
2541946720,CONTROL,Parts & Accessories,03: 20-30,Magi Native,47.352403,2
2704154948,CONTROL,Lifestyle,02: 10-20,C2C BOLT,22.614406,2
1453452108,TREATMENT,Collectibles,02: 10-20,Magi Native,107.694707,6
687852524,TREATMENT,Home & Garden,04: 30-40,Shelby,72.250197,2
98851473,TREATMENT,Electronics,05: 40-50,Helix,44.972749,1
1214588333,TREATMENT,Fashion,06: 50-100,Magi Native,96.060536,1
195315702,TREATMENT,Home & Garden,05: 40-50,Magi Native,50.013147,1
1123862785,TREATMENT,Fashion,07: 100-500,C2C BOLT,293.259520,1
1028958946,CONTROL,Fashion,03: 20-30,Auto Relist,27.749143,1
63970025,CONTROL,Lifestyle,04: 30-40,Auto Relist,37.654738,1
34856636,CONTROL,Collectibles,06: 50-100,Helix,452.005103,7
1095987573,CONTROL,Collectibles,03: 20-30,Magi Native,26.563167,1
2766252293,TREATMENT,Fashion,03: 20-30,Magi Native,29.568538,1
2804030950,TREATMENT,Fashion,04: 30-40,Magi Native,32.937788,1
2777649880,CONTROL,Collectibles,01: 0-10,Magi Native,25.485007,3
112617410,TREATMENT,Lifestyle,01: 0-10,BLING,6.118558,1
1976186683,TREATMENT,Collectibles,07: 100-500,Magi Native,490.158490,1
1088791939,CONTROL,Collectibles,05: 40-50,Helix,87.789178,2
1362344142,CONTROL,Electronics,02: 10-20,Magi Native,11.307203,1
2645427363,CONTROL,Collectibles,02: 10-20,Magi Native,28.099545,2
1495127289,CONTROL,Collectibles,02: 10-20,Native B2C BOLT,16.512573,1
969639584,CONTROL,Home & Garden,01: 0-10,Magi Native,6.590253,1
12994578,TREATMENT,Collectibles,01: 0-10,Auto Relist,10.458152,1
1775961847,CONTROL,Electronics,02: 10-20,Magi Native,23.436503,2
1885912110,TREATMENT,Collectibles,03: 20-30,Helix,96.454889,4
835286723,TREATMENT,Collectibles,05: 40-50,Helix,44.918841,1
1224709356,CONTROL,Collectibles,06: 50-100,Shelby,234.095490,3
2576398860,CONTROL,Electronics,07: 100-500,Others,1264.573864,3
94188412,CONTROL,Collectibles,04: 30-40,Shelby,107.640799,3
214776526,CONTROL,Business & Industrial,06: 50-100,Native B2C BOLT,70.498187,1
107549727,CONTROL,Lifestyle,02: 10-20,Helix,11.307203,1
1595327024,CONTROL,Lifestyle,03: 20-30,Helix,158.812968,6
107420834,TREATMENT,Electronics,04: 30-40,Magi Native,103.220343,3
1584478822,CONTROL,Electronics,01: 0-10,Magi Native,58.786674,6
2641465182,CONTROL,Electronics,01: 0-10,Magi Native,7.506689,1
45278576,CONTROL,Media,05: 40-50,Auto Relist,133.519515,3
745866633,TREATMENT,Fashion,01: 0-10,Auto Relist,22.681791,3
1504009728,TREATMENT,Fashion,04: 30-40,Magi Native,185.726537,5
1158011309,CONTROL,Home & Garden,01: 0-10,Helix,35.916205,4
1343200234,CONTROL,Electronics,04: 30-40,Magi Native,35.296263,1
2423878656,TREATMENT,Electronics,02: 10-20,Helix,43.665480,3
2613608460,TREATMENT,Home & Garden,04: 30-40,Shelby,132.721496,4
988583431,TREATMENT,Collectibles,02: 10-20,Shelby,37.789508,3
2736215769,TREATMENT,Electronics,01: 0-10,Magi Native,129.918280,22
1113681162,CONTROL,Home & Garden,02: 10-20,Magi Native,12.641426,1
1189773650,TREATMENT,Fashion,04: 30-40,Magi Native,33.894655,1
1120843242,TREATMENT,Collectibles,01: 0-10,Helix,17.142744,2
1283835258,TREATMENT,Fashion,01: 0-10,Helix,41.172235,7
1092921847,TREATMENT,Home & Garden,06: 50-100,Helix,80.552029,1
2327328133,CONTROL,Collectibles,04: 30-40,Magi Native,176.796980,5
978868513,CONTROL,Electronics,07: 100-500,Shelby,689.698952,3
1670380201,CONTROL,Collectibles,04: 30-40,Auto Relist,73.180110,2
1309287594,TREATMENT,Collectibles,02: 10-20,Auto Relist,23.409549,2
1027117540,TREATMENT,Home & Garden,02: 10-20,C2C BOLT,13.113121,1
1565932428,CONTROL,Home & Garden,04: 30-40,C2C BOLT,40.188414,1
1712766962,TREATMENT,Home & Garden,09: >1000,Shelby,4957.783990,1
14962846,CONTROL,Collectibles,02: 10-20,CUB,321.359065,25
2541221093,TREATMENT,Fashion,01: 0-10,Magi Native,22.264004,3
2050517589,CONTROL,Collectibles,01: 0-10,Auto Relist,6.981086,1
1182466926,CONTROL,Collectibles,02: 10-20,Shelby,282.907645,17
2010695958,TREATMENT,Collectibles,02: 10-20,Magi Native,15.458119,1
1530732042,TREATMENT,Electronics,02: 10-20,Magi Native,13.490477,1
1584412294,CONTROL,Collectibles,07: 100-500,BLING,138.476175,1
2553568503,CONTROL,Media,07: 100-500,Helix,119.096249,1
2665604326,TREATMENT,Fashion,05: 40-50,Auto Relist,46.023955,1
1530162015,TREATMENT,Lifestyle,02: 10-20,Auto Relist,11.900191,1
99349376,TREATMENT,Media,01: 0-10,Magi Native,23.423026,3
999715568,TREATMENT,Collectibles,04: 30-40,Magi Native,135.395021,4
21944271,CONTROL,Home & Garden,02: 10-20,Helix,33.908132,2
23583438,TREATMENT,Home & Garden,03: 20-30,Magi Native,23.517365,1
2778598363,CONTROL,Lifestyle,02: 10-20,Magi Native,1140.774142,96
1255407493,TREATMENT,Collectibles,02: 10-20,Others,14.770792,1
1656962434,CONTROL,Collectibles,03: 20-30,Magi Native,47.304270,2
2260219507,CONTROL,Home & Garden,01: 0-10,Helix,28.166930,4
905192986,TREATMENT,Collectibles,02: 10-20,Shelby,12.412317,1
1746285682,TREATMENT,Electronics,04: 30-40,Shelby,112.923783,3
1680460815,CONTROL,Media,02: 10-20,Shelby,89.756820,5
803994842,TREATMENT,Collectibles,03: 20-30,Magi Native,67.639589,3
9123341,TREATMENT,Electronics,03: 20-30,Helix,25.525438,1
773216051,CONTROL,Fashion,05: 40-50,Auto Relist,46.953868,1
1286236824,CONTROL,Home & Garden,02: 10-20,BLING,29.083366,2
2500112652,TREATMENT,Collectibles,01: 0-10,Shelby,16.212831,2
2623246451,CONTROL,Home & Garden,02: 10-20,Magi Native,27.452649,2
1102611281,TREATMENT,Collectibles,07: 100-500,Magi Native,287.006192,1
2004136776,CONTROL,Fashion,05: 40-50,Shelby,231.386613,5
1412718934,CONTROL,Media,03: 20-30,Shelby,21.401476,1
957087626,TREATMENT,Fashion,06: 50-100,Others,172.721232,2
1079581308,CONTROL,Collectibles,03: 20-30,Auto Relist,21.765355,1
2544879876,CONTROL,Home & Garden,02: 10-20,Auto Relist,14.002603,1
2393017131,CONTROL,Home & Garden,07: 100-500,Shelby,221.952713,2
2051166891,CONTROL,Media,04: 30-40,Auto Relist,74.015684,2
1112639667,TREATMENT,Media,02: 10-20,C2C BOLT,13.126598,1
2450892783,CONTROL,Home & Garden,06: 50-100,Shelby,347.895278,5
892507906,TREATMENT,Fashion,07: 100-500,Others,145.066428,1
109950975,TREATMENT,Fashion,03: 20-30,Magi Native,79.824271,3
2378692343,CONTROL,Fashion,02: 10-20,Native B2C BOLT,13.867833,1
2323865981,CONTROL,Fashion,02: 10-20,Auto Relist,24.784203,2
1561896733,CONTROL,Collectibles,01: 0-10,Helix,10.404244,1
2758029109,CONTROL,Electronics,01: 0-10,Shelby,24.743772,4
2305982519,TREATMENT,Collectibles,06: 50-100,Auto Relist,96.603136,1
94802388,TREATMENT,Collectibles,01: 0-10,Magi Native,9.865164,1
2738593727,TREATMENT,Business & Industrial,02: 10-20,Magi Native,10.983755,1
1102075881,TREATMENT,Fashion,06: 50-100,Magi Native,353.906020,5
415593028,CONTROL,Media,01: 0-10,Helix,28.449947,3
2571653673,CONTROL,Collectibles,02: 10-20,Magi Native,44.972749,3
1519141146,TREATMENT,Collectibles,01: 0-10,Auto Relist,11.280249,2
123201651,TREATMENT,Collectibles,02: 10-20,Native B2C BOLT,13.113121,1
2764921095,TREATMENT,Media,01: 0-10,Magi Native,13.921741,4
2766155215,TREATMENT,Fashion,01: 0-10,Others,18.288289,2
299880717,TREATMENT,Fashion,04: 30-40,Native B2C BOLT,33.679023,1
207020076,TREATMENT,Fashion,01: 0-10,Magi Native,9.865164,1
158417034,CONTROL,Lifestyle,05: 40-50,Magi Native,46.953868,1
390991735,CONTROL,Collectibles,07: 100-500,Shelby,215.632000,1
974253564,TREATMENT,Fashion,05: 40-50,Magi Native,47.546856,1
1024159273,CONTROL,Parts & Accessories,06: 50-100,Magi Native,67.977988,1
1779425006,CONTROL,Media,01: 0-10,Auto Relist,18.584783,3
1823078600,TREATMENT,Parts & Accessories,06: 50-100,Magi Native,99.055950,1
1186234734,CONTROL,Collectibles,02: 10-20,Helix,17.425761,1
1844019857,CONTROL,Collectibles,06: 50-100,Native B2C BOLT,55.943027,1
51569995,TREATMENT,Fashion,09: >1000,Helix,4066.240009,1
2618203580,TREATMENT,Collectibles,02: 10-20,Magi Native,18.086134,1
1053277232,CONTROL,Home & Garden,02: 10-20,Magi Native,16.226308,1
306398610,CONTROL,Media,03: 20-30,Helix,51.428232,2
2703970362,TREATMENT,Lifestyle,07: 100-500,Shelby,114.837517,1
1071741945,TREATMENT,Electronics,05: 40-50,Shelby,85.390272,2
2631192670,CONTROL,Lifestyle,07: 100-500,Magi Native,181.333035,1
322706992,CONTROL,Fashion,01: 0-10,Magi Native,9.851687,1
49868062,TREATMENT,Electronics,03: 20-30,Magi Native,28.026652,1
2439406418,TREATMENT,Collectibles,04: 30-40,Magi Native,72.775800,2
142479291,CONTROL,Parts & Accessories,06: 50-100,Shelby,71.293330,1
2645687107,CONTROL,Fashion,04: 30-40,Magi Native,37.735600,1
1586342753,TREATMENT,Collectibles,02: 10-20,Magi Native,11.886714,1
1798364426,TREATMENT,Collectibles,02: 10-20,Shelby,14.770792,1
1416744838,CONTROL,Collectibles,04: 30-40,Others,69.258303,2
843669296,CONTROL,Fashion,06: 50-100,Shelby,55.255700,1
2686168062,CONTROL,Home & Garden,02: 10-20,Helix,131.993738,10
2806176205,CONTROL,Home & Garden,06: 50-100,Shelby,276.817580,3
2215683224,TREATMENT,Fashion,03: 20-30,Auto Relist,22.856992,1
1172791660,TREATMENT,Electronics,01: 0-10,Magi Native,7.479735,1
1198275138,CONTROL,Fashion,01: 0-10,Shelby,40.700540,6
2677101032,TREATMENT,Electronics,01: 0-10,Auto Relist,8.086200,1
907507489,TREATMENT,Fashion,04: 30-40,Magi Native,68.126235,2
36242840,CONTROL,Home & Garden,05: 40-50,Shelby,41.347436,1
1524128015,TREATMENT,Electronics,07: 100-500,Magi Native,803.862619,3
2802292911,TREATMENT,Media,01: 0-10,Auto Relist,5.709997,1
28646885,TREATMENT,Collectibles,03: 20-30,Native B2C BOLT,60.808224,2
1082999352,TREATMENT,Fashion,03: 20-30,Magi Native,23.140009,1
2398469798,CONTROL,Collectibles,02: 10-20,Shelby,15.633320,1
1068591129,TREATMENT,Collectibles,06: 50-100,Others,63.948365,1
73808042,TREATMENT,Fashion,04: 30-40,Magi Native,33.530776,1
982598419,TREATMENT,Collectibles,03: 20-30,Auto Relist,26.765322,1
638132090,TREATMENT,Electronics,04: 30-40,Magi Native,34.581982,1
1348311978,CONTROL,Fashion,04: 30-40,CUB,36.374423,1
569131340,TREATMENT,Media,02: 10-20,Auto Relist,17.722255,1
871989931,TREATMENT,Collectibles,01: 0-10,Helix,56.050843,8
1805380464,CONTROL,Collectibles,01: 0-10,Helix,198.421871,35
2460396487,TREATMENT,Collectibles,01: 0-10,Magi Native,83.961710,10
1021926223,CONTROL,Collectibles,06: 50-100,Magi Native,148.556971,2
1869297081,CONTROL,Fashion,04: 30-40,Magi Native,38.530743,1
1083308724,TREATMENT,Collectibles,01: 0-10,Helix,52.950296,8
81930475,TREATMENT,Electronics,07: 100-500,Magi Native,103.611176,1
2676319451,CONTROL,Collectibles,07: 100-500,BLING,105.619249,1
2175315337,TREATMENT,Media,02: 10-20,3rd party API,15.997199,1
2755271940,TREATMENT,Collectibles,01: 0-10,Magi Native,16.509325,2
64812082,CONTROL,Lifestyle,04: 30-40,Magi Native,36.037498,1
702298715,CONTROL,Media,03: 20-30,Auto Relist,28.786872,1
1790279607,TREATMENT,Fashion,06: 50-100,Magi Native,76.980624,1
2716226855,CONTROL,Collectibles,02: 10-20,Shelby,18.463490,1
2277341237,CONTROL,Home & Garden,02: 10-20,Shelby,11.158956,1
179852139,CONTROL,Collectibles,07: 100-500,Shelby,876.167026,4
1097695242,TREATMENT,Electronics,02: 10-20,Helix,14.487775,1
1012339188,TREATMENT,Collectibles,07: 100-500,Shelby,296.628770,2
2747883171,CONTROL,Home & Garden,01: 0-10,Magi Native,32.883880,5
2753077875,CONTROL,Parts & Accessories,06: 50-100,Magi Native,53.759753,1
88537714,TREATMENT,Lifestyle,03: 20-30,Helix,24.177738,1
2337865538,CONTROL,Collectibles,02: 10-20,Helix,38.840714,3
110888034,TREATMENT,Fashion,02: 10-20,Auto Relist,21.549724,2
1003754687,CONTROL,Fashion,01: 0-10,Magi Native,58.185052,7
1165782805,TREATMENT,Collectibles,04: 30-40,Magi Native,33.692500,1
2611397311,CONTROL,Fashion,03: 20-30,Shelby,197.858404,8
141645070,CONTROL,Collectibles,01: 0-10,Magi Native,6.253328,4
1477585606,CONTROL,Collectibles,07: 100-500,Helix,974.710548,4
1079377828,CONTROL,Electronics,06: 50-100,Helix,68.732700,1
301135956,TREATMENT,Fashion,02: 10-20,Shelby,14.420390,1
2477622699,TREATMENT,Electronics,02: 10-20,Magi Native,38.827237,3
130872859,TREATMENT,Media,04: 30-40,Helix,39.622380,1
589791390,TREATMENT,Electronics,02: 10-20,Others,17.789640,1
187339658,CONTROL,Lifestyle,02: 10-20,Magi Native,19.460788,1
124862972,TREATMENT,Fashion,02: 10-20,Magi Native,40.134506,3
141528846,TREATMENT,Fashion,01: 0-10,Magi Native,27.897390,3
2649710564,CONTROL,Collectibles,07: 100-500,Magi Native,263.947045,1
49165272,TREATMENT,Collectibles,02: 10-20,Helix,29.568538,2
1098622456,TREATMENT,Fashion,04: 30-40,Auto Relist,70.592526,2
1504609312,CONTROL,Parts & Accessories,06: 50-100,Auto Relist,71.037267,1
1054504978,TREATMENT,Fashion,03: 20-30,Magi Native,20.727626,1
2790898713,CONTROL,Media,01: 0-10,Others,7.695367,1
2308533542,CONTROL,Electronics,07: 100-500,Helix,116.751251,1
2404015355,TREATMENT,Fashion,01: 0-10,Magi Native,25.269375,3
762571474,TREATMENT,Collectibles,01: 0-10,Magi Native,3.369250,1
990542495,TREATMENT,Collectibles,07: 100-500,Shelby,922.223244,5
1266581350,TREATMENT,Media,01: 0-10,Auto Relist,101.252700,15
159475802,TREATMENT,Electronics,07: 100-500,Native B2C BOLT,181.885592,1
1010192568,TREATMENT,Media,02: 10-20,Helix,32.142645,2
393530870,TREATMENT,Collectibles,07: 100-500,Helix,349.701196,3
734378515,CONTROL,Fashion,02: 10-20,Shelby,27.250494,2
810613596,TREATMENT,Media,01: 0-10,Auto Relist,9.865164,1
2834926655,CONTROL,Parts & Accessories,02: 10-20,C2C BOLT,18.517398,1
636115155,CONTROL,Collectibles,01: 0-10,C2C BOLT,17.371853,2
1830463815,TREATMENT,Collectibles,04: 30-40,Magi Native,31.280117,1
1042646766,CONTROL,Electronics,06: 50-100,Shelby,189.654241,3
118813931,TREATMENT,Parts & Accessories,06: 50-100,Magi Native,79.797317,1
213825356,TREATMENT,Collectibles,04: 30-40,Magi Native,37.654738,1
262171384,CONTROL,Home & Garden,02: 10-20,BLING,36.421157,3
1890166955,TREATMENT,Electronics,07: 100-500,Shelby,498.082966,1
2360944318,CONTROL,Fashion,01: 0-10,BLING,17.007974,2
423083283,TREATMENT,Home & Garden,03: 20-30,Shelby,21.765355,1
1141238015,TREATMENT,Fashion,02: 10-20,Shelby,19.096909,1
361777777,CONTROL,Collectibles,03: 20-30,Helix,55.099969,2
1537177800,CONTROL,Fashion,02: 10-20,Shelby,191.467739,15
1409279373,TREATMENT,Collectibles,01: 0-10,Shelby,22.371820,3
1099432100,CONTROL,Collectibles,01: 0-10,Helix,20.323316,2
364228842,CONTROL,Collectibles,03: 20-30,Helix,21.401476,1
2005857595,TREATMENT,Collectibles,04: 30-40,Helix,246.602146,7
1052996120,CONTROL,Collectibles,06: 50-100,Helix,795.605891,13
2659174062,TREATMENT,Fashion,02: 10-20,Shelby,11.280249,1
2813204953,CONTROL,Lifestyle,07: 100-500,Shelby,1372.875036,6
140133259,TREATMENT,Parts & Accessories,02: 10-20,C2C BOLT,22.614406,2
1737547782,CONTROL,Home & Garden,07: 100-500,Magi Native,114.487115,1
1331544854,TREATMENT,Fashion,02: 10-20,Magi Native,11.307203,1
1111798910,CONTROL,Home & Garden,02: 10-20,Magi Native,26.684460,2
1483165463,CONTROL,Fashion,07: 100-500,Magi Native,112.815967,1
1840639084,TREATMENT,Collectibles,03: 20-30,Shelby,44.905364,2
272193692,CONTROL,Collectibles,03: 20-30,Magi Native,23.881244,1
1550785689,CONTROL,Electronics,07: 100-500,Magi Native,156.171476,1
1435885031,CONTROL,Collectibles,01: 0-10,Helix,20.783359,3
753387718,CONTROL,Media,03: 20-30,Helix,52.748978,2
1003354598,TREATMENT,Fashion,06: 50-100,Auto Relist,60.969948,1
1878035713,CONTROL,Collectibles,02: 10-20,Magi Native,33.409483,2
2337865538,CONTROL,Collectibles,06: 50-100,Helix,575.593687,8
2727298508,TREATMENT,Lifestyle,04: 30-40,Helix,33.679023,1
1056927066,CONTROL,Fashion,02: 10-20,Auto Relist,24.016014,2
2495419595,TREATMENT,Home & Garden,01: 0-10,Helix,370.186236,121
816987596,CONTROL,Collectibles,06: 50-100,Magi Native,89.002108,1
2497995905,CONTROL,Electronics,06: 50-100,Magi Native,57.870238,1
2295976505,TREATMENT,Fashion,06: 50-100,Helix,1117.310685,13
1183550529,CONTROL,Home & Garden,01: 0-10,Helix,31.212732,3
2769878306,TREATMENT,Collectibles,01: 0-10,Others,28.328654,4
451589567,TREATMENT,Fashion,04: 30-40,Others,33.611638,1
2706677336,TREATMENT,Media,04: 30-40,Helix,36.724825,1
2802449706,CONTROL,Home & Garden,02: 10-20,Helix,67.654540,4
1817177263,TREATMENT,Collectibles,04: 30-40,Helix,33.530776,1
1155542139,TREATMENT,Collectibles,03: 20-30,Helix,22.210096,1
1392815835,CONTROL,Fashion,02: 10-20,Magi Native,127.775437,9
2365896664,TREATMENT,Media,01: 0-10,Shelby,28.908165,3
1633117389,CONTROL,Fashion,02: 10-20,Helix,11.630651,1
2029098759,TREATMENT,Fashion,06: 50-100,Magi Native,84.824238,1
101994311,CONTROL,Collectibles,06: 50-100,Shelby,85.417226,1
2801785058,TREATMENT,Electronics,05: 40-50,Helix,141.158098,3
2437316261,TREATMENT,Collectibles,03: 20-30,Magi Native,42.843383,2
91240302,CONTROL,Home & Garden,03: 20-30,Shelby,22.573975,1
2780148696,TREATMENT,Fashion,06: 50-100,Magi Native,71.347238,1
197931699,CONTROL,Home & Garden,03: 20-30,Magi Native,26.334058,1
57741252,TREATMENT,Media,02: 10-20,Helix,85.673289,7
1018375260,TREATMENT,Collectibles,05: 40-50,Magi Native,44.378737,1
1640688451,CONTROL,Media,01: 0-10,Helix,24.272077,4
1671281421,CONTROL,Fashion,03: 20-30,Magi Native,76.684130,3
63728504,CONTROL,Electronics,07: 100-500,Shelby,173.745484,1
2318450523,TREATMENT,Collectibles,04: 30-40,Shelby,30.848853,1
1177423638,TREATMENT,Collectibles,06: 50-100,Helix,77.897060,1
2441777013,CONTROL,Collectibles,03: 20-30,Magi Native,155.958987,6
2483339741,CONTROL,Electronics,06: 50-100,Others,193.421904,2
2543335494,TREATMENT,Electronics,04: 30-40,Magi Native,31.778766,1
2539332977,TREATMENT,Collectibles,01: 0-10,Magi Native,14.582114,2
393530870,TREATMENT,Parts & Accessories,01: 0-10,Helix,9.743871,1
1296162467,CONTROL,Collectibles,01: 0-10,Native B2C BOLT,7.034994,1
235153631,TREATMENT,Collectibles,07: 100-500,Auto Relist,126.427737,1
2799315117,TREATMENT,Collectibles,06: 50-100,Shelby,198.704888,3
2145021586,CONTROL,Media,04: 30-40,Magi Native,30.498451,1
2827068688,CONTROL,Fashion,04: 30-40,Magi Native,30.916238,1
2500863033,CONTROL,Collectibles,03: 20-30,Magi Native,25.727593,1
186177652,CONTROL,Media,01: 0-10,Native B2C BOLT,7.493212,1
187407410,CONTROL,Media,02: 10-20,Helix,69.994634,5
2674922289,TREATMENT,Fashion,07: 100-500,Magi Native,1162.540856,6
2803678726,TREATMENT,Collectibles,05: 40-50,Magi Native,97.007446,2
991182579,CONTROL,Fashion,04: 30-40,Magi Native,68.544022,2
1029966341,TREATMENT,Fashion,02: 10-20,Native B2C BOLT,78.422663,5
604796321,TREATMENT,Business & Industrial,06: 50-100,Shelby,80.713753,1
241137063,CONTROL,Collectibles,01: 0-10,Auto Relist,9.784302,1
2282833281,CONTROL,Home & Garden,02: 10-20,Shelby,15.997199,1
1472530853,TREATMENT,Fashion,02: 10-20,Magi Native,52.030954,4
114138889,CONTROL,Lifestyle,02: 10-20,Shelby,19.959437,1
1376276708,TREATMENT,Fashion,02: 10-20,Magi Native,40.956603,3
2734969777,CONTROL,Fashion,04: 30-40,Shelby,147.891233,4
504436254,TREATMENT,Media,06: 50-100,Helix,57.573744,1
1573705331,TREATMENT,Home & Garden,02: 10-20,Magi Native,169.648476,12
96368684,CONTROL,Parts & Accessories,01: 0-10,Magi Native,12.587518,2
2714848976,TREATMENT,Fashion,01: 0-10,Helix,7.722321,1
2837672762,TREATMENT,Electronics,02: 10-20,Magi Native,11.455450,1
47596580,TREATMENT,Collectibles,07: 100-500,Shelby,126.107915,1
1717483090,TREATMENT,Collectibles,01: 0-10,CUB,20.431132,2
140989559,CONTROL,Fashion,03: 20-30,Shelby,74.056115,3
424798755,TREATMENT,Collectibles,01: 0-10,C2C BOLT,90.875257,15
230052499,CONTROL,Collectibles,02: 10-20,Helix,42.937722,3
1082875541,TREATMENT,Home & Garden,06: 50-100,BLING,67.304138,1
1375757351,CONTROL,Electronics,07: 100-500,File exchange,1201.299349,9
2645016482,TREATMENT,Collectibles,04: 30-40,Magi Native,80.136775,2
566204515,TREATMENT,Home & Garden,01: 0-10,Helix,84.918577,18
1167812341,TREATMENT,Collectibles,03: 20-30,Others,26.765322,1
1220575322,CONTROL,Lifestyle,02: 10-20,C2C BOLT,15.781567,1
402822748,TREATMENT,Collectibles,02: 10-20,Magi Native,66.401179,5
2668194949,TREATMENT,Collectibles,02: 10-20,Magi Native,15.336826,1
2479176110,TREATMENT,Collectibles,07: 100-500,Shelby,454.767888,2
197200795,TREATMENT,Electronics,07: 100-500,Magi Native,119.945300,1
2661776499,TREATMENT,Collectibles,06: 50-100,Helix,569.402627,8
1290675918,CONTROL,Media,02: 10-20,C2C BOLT,10.842804,1
2754731724,CONTROL,Collectibles,04: 30-40,Magi Native,245.739618,7
2742406577,TREATMENT,Home & Garden,01: 0-10,C2C BOLT,55.107453,9
225441748,CONTROL,Collectibles,07: 100-500,Others,210.847665,1
2828735026,TREATMENT,Parts & Accessories,02: 10-20,Shelby,36.778733,2
190406327,CONTROL,Fashion,03: 20-30,Magi Native,26.765322,1
170569062,TREATMENT,Home & Garden,03: 20-30,Shelby,21.994464,1
1116335483,TREATMENT,Collectibles,02: 10-20,Helix,48.517200,3
2471854625,TREATMENT,Parts & Accessories,07: 100-500,Magi Native,146.494990,1
2116777556,TREATMENT,Fashion,05: 40-50,Magi Native,42.749044,1
62590819,TREATMENT,Collectibles,06: 50-100,Magi Native,229.621126,3
186395340,CONTROL,Media,01: 0-10,Magi Native,9.204791,1
2415011221,TREATMENT,Electronics,03: 20-30,Magi Native,22.843515,1
969982617,CONTROL,Fashion,01: 0-10,Magi Native,9.353038,1
1182280715,CONTROL,Electronics,04: 30-40,Helix,80.727230,2
342879443,CONTROL,Fashion,02: 10-20,Shelby,129.311815,8
1415163195,CONTROL,Electronics,01: 0-10,BLING,6.671115,1
1194525947,TREATMENT,Electronics,05: 40-50,Magi Native,93.112593,2
136212286,CONTROL,Lifestyle,01: 0-10,Magi Native,9.528239,1
1293195256,CONTROL,Lifestyle,06: 50-100,Magi Native,443.460685,6
785161767,TREATMENT,Fashion,02: 10-20,Native B2C BOLT,30.377158,2
1789062757,TREATMENT,Fashion,04: 30-40,Magi Native,32.614340,1
2550071126,TREATMENT,Fashion,01: 0-10,Auto Relist,16.859727,2
1107326010,CONTROL,Collectibles,06: 50-100,Magi Native,107.923816,2
328714512,CONTROL,Collectibles,02: 10-20,Helix,19.959437,1
325100025,TREATMENT,Home & Garden,06: 50-100,Shelby,96.603136,1
297303101,TREATMENT,Lifestyle,07: 100-500,C2C BOLT,691.207265,3
341876258,TREATMENT,Home & Garden,02: 10-20,Shelby,14.501252,1
77668246,CONTROL,Collectibles,04: 30-40,Shelby,33.530776,1
1185199539,CONTROL,Collectibles,01: 0-10,Magi Native,17.951364,2
1572785127,TREATMENT,Home & Garden,07: 100-500,Magi Native,163.044746,1
1345426682,CONTROL,Collectibles,04: 30-40,Shelby,35.929682,1
978894343,TREATMENT,Fashion,06: 50-100,Shelby,270.025172,4
119593395,CONTROL,Lifestyle,06: 50-100,Others,57.182911,1
1577298194,TREATMENT,Collectibles,01: 0-10,Shelby,9.959503,2
1362914093,TREATMENT,Electronics,02: 10-20,Magi Native,29.622446,2
2012453889,CONTROL,Electronics,01: 0-10,Magi Native,9.919072,3
2672580690,TREATMENT,Fashion,06: 50-100,Helix,64.312244,1
567201730,CONTROL,Collectibles,02: 10-20,Native B2C BOLT,38.247726,2
2156439440,TREATMENT,Lifestyle,02: 10-20,Magi Native,35.336694,2
2373757032,TREATMENT,Fashion,03: 20-30,Shelby,22.129234,1
1484449232,TREATMENT,Collectibles,05: 40-50,Shelby,49.042803,1
2538139546,TREATMENT,Fashion,07: 100-500,Auto Relist,146.117634,1
1015711430,TREATMENT,Fashion,03: 20-30,Magi Native,28.301700,1
1442037599,CONTROL,Fashion,03: 20-30,Auto Relist,26.334058,1
127680941,TREATMENT,Collectibles,01: 0-10,Shelby,55.067022,14
16405502,TREATMENT,Media,02: 10-20,C2C BOLT,11.657605,1
2712063186,CONTROL,Fashion,04: 30-40,Magi Native,170.780544,5
2243901146,TREATMENT,Media,04: 30-40,Magi Native,71.252899,2
1262809903,CONTROL,Home & Garden,02: 10-20,Shelby,17.681824,1
1815583731,TREATMENT,Fashion,07: 100-500,Shelby,131.643336,1
2413741869,CONTROL,Collectibles,04: 30-40,Magi Native,30.916238,1
134346016,TREATMENT,Home & Garden,04: 30-40,Magi Native,37.614307,1
2826482710,CONTROL,Home & Garden,02: 10-20,Helix,199.513508,12
123589840,CONTROL,Fashion,06: 50-100,Shelby,55.040068,1
1931016089,TREATMENT,Collectibles,03: 20-30,Helix,25.727593,1
1991503593,TREATMENT,Home & Garden,06: 50-100,Shelby,282.100564,4
2592838200,CONTROL,Collectibles,01: 0-10,Auto Relist,1.563332,1
286490820,CONTROL,Fashion,06: 50-100,Shelby,82.196223,1
134957173,TREATMENT,Electronics,07: 100-500,Shelby,110.026228,1
2440023046,TREATMENT,Collectibles,06: 50-100,Helix,127.937161,2
196737553,TREATMENT,Lifestyle,05: 40-50,Shelby,133.220145,3
19506624,TREATMENT,Collectibles,02: 10-20,Auto Relist,39.851489,3
2603001712,TREATMENT,Lifestyle,06: 50-100,Shelby,218.084814,3
2683159980,CONTROL,Collectibles,01: 0-10,Magi Native,38.584651,6
2738896179,CONTROL,Home & Garden,04: 30-40,Shelby,30.714083,1
162575881,CONTROL,Home & Garden,06: 50-100,Shelby,92.209634,1
1252940714,CONTROL,Fashion,01: 0-10,Magi Native,26.805753,5
2282238093,CONTROL,Collectibles,02: 10-20,Helix,15.309872,1
1981934755,TREATMENT,Lifestyle,02: 10-20,Magi Native,30.417589,2
745425968,TREATMENT,Fashion,02: 10-20,Auto Relist,41.926947,3
1624717133,TREATMENT,Collectibles,06: 50-100,Magi Native,142.761861,2
147174797,CONTROL,Electronics,06: 50-100,Helix,310.847005,4
1226411587,CONTROL,Electronics,07: 100-500,Helix,153.974725,1
1222295035,TREATMENT,Parts & Accessories,07: 100-500,Shelby,323.043690,1
2748165494,CONTROL,Home & Garden,07: 100-500,Magi Native,345.860251,2
409748010,CONTROL,Collectibles,04: 30-40,Others,61.522505,2
424798755,TREATMENT,Collectibles,01: 0-10,Others,5.889449,1
54592971,TREATMENT,Fashion,03: 20-30,Helix,24.177738,1
2827351202,TREATMENT,Parts & Accessories,06: 50-100,Magi Native,194.311386,3
1110242186,CONTROL,Fashion,01: 0-10,Auto Relist,12.183208,2
2791495678,CONTROL,Media,01: 0-10,Shelby,53.571076,7
2494902746,CONTROL,Collectibles,07: 100-500,Helix,509.956203,3
1117200941,TREATMENT,Home & Garden,07: 100-500,Helix,137.559739,1
1595947628,TREATMENT,Electronics,06: 50-100,Magi Native,414.377319,5
220058788,CONTROL,Fashion,03: 20-30,Helix,75.026459,3
2384227336,CONTROL,Lifestyle,06: 50-100,Helix,51.387801,1
126997286,CONTROL,Collectibles,02: 10-20,Helix,20.107684,1
1048352066,TREATMENT,Collectibles,01: 0-10,Magi Native,103.867239,20
1473960217,TREATMENT,Collectibles,01: 0-10,Native B2C BOLT,21.940556,4
2634053347,TREATMENT,Home & Garden,01: 0-10,Helix,36.724825,5
1590125196,CONTROL,Lifestyle,06: 50-100,Magi Native,217.141424,3
2742239761,TREATMENT,Home & Garden,02: 10-20,Helix,32.816495,2
224261430,TREATMENT,Collectibles,06: 50-100,Others,71.172037,1
2808643569,CONTROL,Business & Industrial,07: 100-500,Auto Relist,103.624653,1
111045628,CONTROL,Electronics,07: 100-500,Magi Native,217.707458,1
2799965258,TREATMENT,Electronics,01: 0-10,Magi Native,18.530875,2
1070116476,CONTROL,Media,01: 0-10,Others,72.338547,8
2681909871,CONTROL,Fashion,01: 0-10,Auto Relist,18.665645,3
1949090586,CONTROL,Lifestyle,03: 20-30,Magi Native,51.212600,2
2825131185,CONTROL,Electronics,07: 100-500,Others,349.506247,3
2641357666,CONTROL,Electronics,02: 10-20,Shelby,73.800052,4
94722128,CONTROL,Home & Garden,05: 40-50,Magi Native,40.633155,1
2564698371,TREATMENT,Electronics,08: 500-1000,Shelby,523.473634,1
2702345167,CONTROL,Fashion,01: 0-10,Helix,46.172202,6
42752702,TREATMENT,Electronics,01: 0-10,Helix,5.242553,1
77401409,TREATMENT,Electronics,02: 10-20,Magi Native,15.781567,1
1177720928,CONTROL,Media,04: 30-40,Magi Native,35.741004,1
1111264659,CONTROL,Home & Garden,06: 50-100,Helix,93.436041,1
2823028269,CONTROL,Fashion,02: 10-20,Magi Native,17.439238,1
1683579523,CONTROL,Media,01: 0-10,Magi Native,11.051140,2
2633440906,TREATMENT,Electronics,01: 0-10,Magi Native,26.670983,3
70631015,CONTROL,Fashion,02: 10-20,Magi Native,14.555160,1
2648504717,TREATMENT,Fashion,03: 20-30,Native B2C BOLT,52.802886,2
1958920405,CONTROL,Business & Industrial,02: 10-20,Magi Native,72.209766,6
2344812562,TREATMENT,Collectibles,01: 0-10,Auto Relist,15.592889,2
163228487,TREATMENT,Electronics,01: 0-10,Helix,6.072030,2
1375546072,TREATMENT,Collectibles,02: 10-20,Magi Native,15.309872,1
369322124,TREATMENT,Collectibles,02: 10-20,Magi Native,11.293726,1
1956378978,TREATMENT,Fashion,06: 50-100,Helix,345.578119,5
2676711041,TREATMENT,Parts & Accessories,01: 0-10,Shelby,10.026888,1
388015411,TREATMENT,Electronics,03: 20-30,Others,24.164261,1
66557298,CONTROL,Home & Garden,01: 0-10,Helix,63.812583,12
999159326,TREATMENT,Collectibles,01: 0-10,Magi Native,7.695367,1
206656541,TREATMENT,Parts & Accessories,05: 40-50,Shelby,92.883484,2
105243451,CONTROL,Collectibles,02: 10-20,Magi Native,16.226308,1
117999597,CONTROL,Collectibles,02: 10-20,Helix,59.492338,4
1101244810,TREATMENT,Collectibles,04: 30-40,Magi Native,74.406517,2
126501122,CONTROL,Collectibles,04: 30-40,Auto Relist,72.681606,2
2670255364,TREATMENT,Collectibles,01: 0-10,Auto Relist,9.353038,1
124028348,CONTROL,Fashion,07: 100-500,Magi Native,377.118391,3
999307520,TREATMENT,Fashion,02: 10-20,Shelby,34.258534,2
125071015,TREATMENT,Media,03: 20-30,Helix,47.129069,2
96455718,TREATMENT,Collectibles,06: 50-100,Magi Native,85.417226,1
1010217757,TREATMENT,Collectibles,07: 100-500,Helix,178.934129,1
1207483532,TREATMENT,Fashion,02: 10-20,Auto Relist,11.900191,1
1808716342,TREATMENT,Lifestyle,03: 20-30,Auto Relist,27.830005,1
2130491473,CONTROL,Fashion,04: 30-40,Shelby,63.705779,2
1062145570,CONTROL,Collectibles,01: 0-10,Shelby,27.007908,4
2125873169,CONTROL,Business & Industrial,07: 100-500,Shelby,671.612818,2
2147642189,CONTROL,Media,01: 0-10,Helix,8.045769,1
1689979702,TREATMENT,Electronics,02: 10-20,C2C BOLT,13.396138,1
989310974,TREATMENT,Home & Garden,01: 0-10,Helix,18.625214,3
1935772748,CONTROL,Fashion,01: 0-10,Helix,87.667887,25
1048178568,TREATMENT,Fashion,03: 20-30,Magi Native,107.667753,5
2223458663,TREATMENT,Home & Garden,01: 0-10,Shelby,36.603532,4
1431212602,CONTROL,Fashion,06: 50-100,Shelby,122.748516,2
1938883810,CONTROL,Business & Industrial,01: 0-10,Helix,7.183241,1
506848764,TREATMENT,Collectibles,04: 30-40,BLING,34.272011,1
595489108,CONTROL,Home & Garden,06: 50-100,Shelby,98.813364,1
472671341,CONTROL,Parts & Accessories,07: 100-500,Magi Native,735.102965,4
293838430,TREATMENT,Fashion,06: 50-100,Helix,200.807300,3
2807738718,TREATMENT,Collectibles,02: 10-20,Shelby,35.781435,2
1091018326,TREATMENT,Parts & Accessories,03: 20-30,Shelby,20.727626,1
165474594,TREATMENT,Electronics,01: 0-10,Auto Relist,7.574074,1
2690559050,CONTROL,Fashion,07: 100-500,Shelby,338.661154,2
2536612223,TREATMENT,Fashion,01: 0-10,Native B2C BOLT,18.342197,2
2786330166,CONTROL,Collectibles,01: 0-10,Shelby,35.228878,5
1189388065,CONTROL,Fashion,06: 50-100,Helix,75.565539,1
1336821218,TREATMENT,Fashion,02: 10-20,Magi Native,25.902794,2
2205490529,TREATMENT,Home & Garden,02: 10-20,Helix,30.431066,2
92414736,CONTROL,Media,02: 10-20,Helix,14.824700,1
