USER_ID,TREATMENT_GROUP,VERTICAL,ASP_BUCKET,LISTING_TOOL,LISTINGS_CNT,LISTINGS_CONV_7D,LISTINGS_CONV_14D
52320127,TREATMENT,Fashion,1) 0-10,Auto Relist,4,0,0
2833462876,CONTROL,Collectibles,2) 10-20,Shelby/Magi Native,5,0,0
1026185145,CONTROL,Collectibles,3) 20-50,Shelby/Magi Native,48,0,0
1928064388,TREATMENT,Collectibles,3) 20-50,Auto Relist,14,0,0
1495629150,TREATMENT,Collectibles,1) 0-10,Auto Relist,56,4,4
1030829930,TREATMENT,Media,1) 0-10,Helix,12,6,7
1053365113,TREATMENT,Home & Garden,1) 0-10,Auto Relist,7,0,0
292675875,TREATMENT,Fashion,2) 10-20,Helix,12,3,3
898540288,TREATMENT,Home & Garden,1) 0-10,Auto Relist,28,0,0
1042540572,CONTROL,Collectibles,3) 20-50,Auto Relist,12,0,0
956457596,TREATMENT,Collectibles,1) 0-10,Shelby/Magi Native,70,7,10
70762316,CONTROL,Collectibles,4) 50-100,Helix,2,0,0
59466545,TREATMENT,Parts & Accessories,1) 0-10,Auto Relist,1,0,0
1566171880,TREATMENT,Collectibles,2) 10-20,Shelby/Magi Native,10,1,1
2696015994,CONTROL,Home & Garden,4) 50-100,Helix,12,0,0
2413492975,CONTROL,Media,2) 10-20,Shelby/Magi Native,4,1,1
880268350,TREATMENT,Fashion,1) 0-10,Auto Relist,8,0,0
1436301768,CONTROL,Media,3) 20-50,Others,2,1,1
858927424,CONTROL,Media,1) 0-10,Auto Relist,72,2,2
1965834158,TREATMENT,Media,3) 20-50,Auto Relist,2,0,0
1490315798,TREATMENT,Home & Garden,3) 20-50,Helix,1,0,0
127115567,CONTROL,Collectibles,1) 0-10,Auto Relist,23,0,0
1095459849,TREATMENT,Collectibles,1) 0-10,Shelby/Magi Native,39,2,2
2834911331,CONTROL,Collectibles,4) 50-100,Shelby/Magi Native,4,0,1
118814872,CONTROL,Fashion,5) 100-200,Others,2,0,0
747978196,CONTROL,Collectibles,1) 0-10,Auto Relist,25,1,1
138161355,CONTROL,Fashion,4) 50-100,Auto Relist,1,0,0
1176508509,TREATMENT,Fashion,4) 50-100,Shelby/Magi Native,31,0,0
128299342,TREATMENT,Media,1) 0-10,Shelby/Magi Native,3,0,0
296057343,CONTROL,Fashion,1) 0-10,Auto Relist,531,6,6
262814794,TREATMENT,Collectibles,4) 50-100,Shelby/Magi Native,1,0,0
2363928478,CONTROL,Collectibles,1) 0-10,Auto Relist,278,0,0
561859146,TREATMENT,Collectibles,1) 0-10,Auto Relist,27,0,0
1192637967,TREATMENT,Collectibles,2) 10-20,Auto Relist,13,0,0
2451812580,TREATMENT,Lifestyle,5) 100-200,Shelby/Magi Native,1,0,0
2824568874,TREATMENT,Collectibles,1) 0-10,Auto Relist,7,0,0
91076162,TREATMENT,Home & Garden,2) 10-20,Auto Relist,14,0,0
2218187366,TREATMENT,Fashion,6) 200-500,Helix,14,0,0
980686961,CONTROL,Collectibles,3) 20-50,Shelby/Magi Native,9,4,4
192052896,CONTROL,Fashion,4) 50-100,BLING/Magical Bling,39,0,0
783253920,TREATMENT,Collectibles,2) 10-20,Shelby/Magi Native,5,1,1
146305804,CONTROL,Media,1) 0-10,Shelby/Magi Native,157,1,2
1049846800,TREATMENT,Collectibles,5) 100-200,Shelby/Magi Native,2,0,0
1631370312,CONTROL,Electronics,3) 20-50,Others,2,2,2
169413877,CONTROL,Parts & Accessories,1) 0-10,Shelby/Magi Native,19,6,6
147904597,CONTROL,Lifestyle,3) 20-50,BLING/Magical Bling,4,0,0
2821179315,CONTROL,Fashion,1) 0-10,Auto Relist,161,1,1
2250510999,CONTROL,Collectibles,1) 0-10,Auto Relist,108,1,1
2815074597,TREATMENT,Collectibles,2) 10-20,Auto Relist,136,4,5
367822750,TREATMENT,Fashion,2) 10-20,Auto Relist,83,0,0
2802833988,CONTROL,Fashion,1) 0-10,BLING/Magical Bling,26,1,1
343079607,CONTROL,Fashion,2) 10-20,Shelby/Magi Native,5,0,0
1916899189,TREATMENT,Fashion,1) 0-10,Auto Relist,104,3,3
228293308,CONTROL,Media,1) 0-10,Shelby/Magi Native,4,1,1
1998207179,TREATMENT,Collectibles,3) 20-50,Shelby/Magi Native,3,0,0
1348518789,CONTROL,Fashion,1) 0-10,Shelby/Magi Native,6,0,0
1748289049,CONTROL,Media,2) 10-20,Auto Relist,32,1,2
455230308,TREATMENT,Home & Garden,2) 10-20,BLING/Magical Bling,3,0,0
2592013434,CONTROL,Parts & Accessories,1) 0-10,BLING/Magical Bling,4,0,0
239986801,CONTROL,Collectibles,1) 0-10,Auto Relist,10,0,0
2238869838,TREATMENT,Media,2) 10-20,Auto Relist,34,0,0
2752066840,CONTROL,Collectibles,5) 100-200,Shelby/Magi Native,1,0,0
1710379915,TREATMENT,Fashion,1) 0-10,Shelby/Magi Native,5,0,1
1748289049,CONTROL,Collectibles,1) 0-10,Auto Relist,23,0,0
1655957078,TREATMENT,Media,2) 10-20,Auto Relist,167,3,3
300933247,CONTROL,Media,3) 20-50,BLING/Magical Bling,3,1,1
109818513,TREATMENT,Lifestyle,2) 10-20,Auto Relist,4,0,1
1217924438,TREATMENT,Business & Industrial,2) 10-20,Shelby/Magi Native,4,0,0
1055798453,CONTROL,Fashion,1) 0-10,Helix,20,18,18
95005803,CONTROL,Collectibles,1) 0-10,Auto Relist,6,1,1
2821407076,TREATMENT,Collectibles,1) 0-10,Shelby/Magi Native,1,1,1
458782413,CONTROL,Collectibles,1) 0-10,Helix,1,0,0
95797436,CONTROL,Collectibles,4) 50-100,Auto Relist,1,0,0
391545158,CONTROL,Collectibles,3) 20-50,Shelby/Magi Native,1,1,1
79000165,TREATMENT,Media,1) 0-10,Auto Relist,5,0,0
2513616157,TREATMENT,Fashion,1) 0-10,BLING/Magical Bling,41,0,0
2788550281,TREATMENT,Collectibles,4) 50-100,Shelby/Magi Native,12,3,3
121442915,CONTROL,Fashion,4) 50-100,BLING/Magical Bling,6,0,1
822910276,TREATMENT,Collectibles,1) 0-10,Auto Relist,26,2,2
95497042,CONTROL,Fashion,2) 10-20,Shelby/Magi Native,8,1,2
64409752,TREATMENT,Collectibles,3) 20-50,Shelby/Magi Native,21,6,7
1024820152,CONTROL,Fashion,1) 0-10,Auto Relist,61,0,0
967126785,TREATMENT,Fashion,2) 10-20,Shelby/Magi Native,16,1,1
22282086,CONTROL,Electronics,3) 20-50,Shelby/Magi Native,1,0,0
2812671763,CONTROL,Parts & Accessories,1) 0-10,Helix,2,0,0
2597007568,CONTROL,Electronics,3) 20-50,Shelby/Magi Native,6,6,6
1577916134,CONTROL,Collectibles,2) 10-20,BLING/Magical Bling,5,0,0
2471928127,CONTROL,Fashion,1) 0-10,Auto Relist,126,1,1
1030226663,CONTROL,Collectibles,1) 0-10,Auto Relist,15,0,0
2808673124,CONTROL,Fashion,1) 0-10,Auto Relist,37,0,0
1906006003,CONTROL,Fashion,1) 0-10,Shelby/Magi Native,4,0,0
56992416,CONTROL,Fashion,1) 0-10,Helix,27,0,5
1073213805,TREATMENT,Collectibles,1) 0-10,Helix,26,7,7
1587623753,TREATMENT,Lifestyle,3) 20-50,Shelby/Magi Native,6,0,0
1472839852,TREATMENT,Fashion,1) 0-10,Auto Relist,149,1,1
551642864,CONTROL,Home & Garden,2) 10-20,BLING/Magical Bling,8,1,2
1152000885,CONTROL,Collectibles,1) 0-10,Shelby/Magi Native,26,3,3
118135078,CONTROL,Lifestyle,1) 0-10,Helix,36,0,0
643645578,TREATMENT,Electronics,2) 10-20,Helix,15,2,2
2836610449,CONTROL,Collectibles,1) 0-10,Shelby/Magi Native,5,5,5
85599615,CONTROL,Media,1) 0-10,Shelby/Magi Native,63,3,5
922395641,CONTROL,Media,1) 0-10,BLING/Magical Bling,47,3,3
999851759,TREATMENT,Media,1) 0-10,Shelby/Magi Native,6,0,0
1902930968,TREATMENT,Media,3) 20-50,Shelby/Magi Native,15,0,0
201675022,CONTROL,Collectibles,2) 10-20,Auto Relist,54,1,1
66513223,CONTROL,Media,1) 0-10,Auto Relist,26,0,0
168782750,CONTROL,Collectibles,3) 20-50,Auto Relist,4,0,0
144664420,TREATMENT,Lifestyle,5) 100-200,Others,1,0,0
1028537274,TREATMENT,Fashion,2) 10-20,Auto Relist,4,0,0
1214054302,CONTROL,Media,3) 20-50,Auto Relist,21,0,0
117132563,TREATMENT,Media,2) 10-20,Shelby/Magi Native,4,0,1
987221524,TREATMENT,Fashion,3) 20-50,Auto Relist,3,0,0
2658040108,CONTROL,Home & Garden,5) 100-200,Helix,11,0,0
82659408,CONTROL,Lifestyle,3) 20-50,Shelby/Magi Native,10,1,1
133325075,CONTROL,Business & Industrial,2) 10-20,Native B2C BOLT,1,0,0
2141794412,CONTROL,Collectibles,3) 20-50,Shelby/Magi Native,3,0,0
353251131,CONTROL,Collectibles,1) 0-10,Helix,7,0,1
2790037162,CONTROL,Fashion,1) 0-10,Auto Relist,54,2,2
161826172,TREATMENT,Fashion,3) 20-50,Auto Relist,37,0,0
1924357259,CONTROL,Electronics,4) 50-100,Shelby/Magi Native,4,4,4
1173381348,CONTROL,Collectibles,4) 50-100,Auto Relist,2,1,1
1143096203,CONTROL,Home & Garden,1) 0-10,Auto Relist,1,0,0
2621999700,TREATMENT,Collectibles,5) 100-200,Shelby/Magi Native,25,4,5
185838591,CONTROL,Media,3) 20-50,Auto Relist,1,0,0
1061796928,TREATMENT,Lifestyle,1) 0-10,Auto Relist,1,0,0
228691486,TREATMENT,Media,1) 0-10,Auto Relist,34,0,1
1063597495,CONTROL,Collectibles,2) 10-20,Shelby/Magi Native,19,1,1
1519620136,TREATMENT,Collectibles,1) 0-10,BLING/Magical Bling,41,1,2
2615999019,TREATMENT,Fashion,1) 0-10,Auto Relist,11,2,2
1571662486,TREATMENT,Lifestyle,3) 20-50,Auto Relist,12,0,0
48973173,CONTROL,Lifestyle,4) 50-100,Shelby/Magi Native,1,1,1
1139765362,CONTROL,Fashion,1) 0-10,Auto Relist,31,3,3
132968601,TREATMENT,Collectibles,2) 10-20,Helix,29,0,1
133853698,TREATMENT,Media,3) 20-50,Auto Relist,9,0,0
463805076,CONTROL,Fashion,1) 0-10,Auto Relist,73,0,0
886438350,TREATMENT,Collectibles,4) 50-100,Helix,1,0,0
1253776931,TREATMENT,Fashion,1) 0-10,Shelby/Magi Native,15,4,7
1064699780,TREATMENT,Media,5) 100-200,Shelby/Magi Native,1,1,1
199985649,TREATMENT,Collectibles,1) 0-10,Auto Relist,4,0,0
1950816869,CONTROL,Fashion,5) 100-200,Shelby/Magi Native,3,1,1
131685052,CONTROL,Media,1) 0-10,Helix,12,0,2
1207244574,TREATMENT,Electronics,2) 10-20,Auto Relist,2,0,0
2062048341,TREATMENT,Fashion,1) 0-10,Shelby/Magi Native,5,0,1
1185730330,TREATMENT,Collectibles,1) 0-10,Auto Relist,6,0,0
191161011,TREATMENT,Collectibles,2) 10-20,Shelby/Magi Native,10,0,0
766903575,TREATMENT,Electronics,1) 0-10,Helix,4,0,0
1158877307,CONTROL,Parts & Accessories,3) 20-50,Helix,15,0,0
87614794,CONTROL,Fashion,3) 20-50,Helix,1,0,0
1010895479,TREATMENT,Collectibles,2) 10-20,Shelby/Magi Native,1,0,0
692084764,TREATMENT,Collectibles,2) 10-20,Shelby/Magi Native,13,0,0
2492874925,TREATMENT,Collectibles,3) 20-50,Shelby/Magi Native,1,0,0
2788049609,CONTROL,Electronics,1) 0-10,Shelby/Magi Native,1,0,1
2609804580,CONTROL,Collectibles,1) 0-10,BLING/Magical Bling,18,2,2
1548018585,CONTROL,Media,3) 20-50,Auto Relist,28,4,6
819710111,TREATMENT,Media,2) 10-20,Auto Relist,1,0,0
1666599639,CONTROL,Collectibles,1) 0-10,Shelby/Magi Native,18,0,0
2285492028,TREATMENT,Collectibles,1) 0-10,Auto Relist,23,0,2
1091619730,TREATMENT,Collectibles,1) 0-10,Others,3,0,0
2839062805,CONTROL,Home & Garden,2) 10-20,Shelby/Magi Native,10,5,6
2716215419,CONTROL,Fashion,2) 10-20,Shelby/Magi Native,40,1,1
165759241,TREATMENT,Electronics,1) 0-10,Helix,17,5,8
2335271584,CONTROL,Home & Garden,3) 20-50,Others,13,0,0
1916207656,CONTROL,Collectibles,5) 100-200,Shelby/Magi Native,1,1,1
1262167004,CONTROL,Electronics,5) 100-200,Shelby/Magi Native,1,0,0
2779960912,CONTROL,Collectibles,3) 20-50,Others,6,0,0
611406329,TREATMENT,Home & Garden,4) 50-100,BLING/Magical Bling,1,0,0
2007133182,TREATMENT,Business & Industrial,4) 50-100,Native B2C BOLT,1,0,0
1056134809,CONTROL,Fashion,2) 10-20,BLING/Magical Bling,11,0,0
109185579,CONTROL,Lifestyle,3) 20-50,Auto Relist,1,0,0
1061022476,CONTROL,Fashion,2) 10-20,Auto Relist,14,1,1
1314081871,CONTROL,Electronics,1) 0-10,Auto Relist,10,0,0
1069544581,CONTROL,Fashion,2) 10-20,Auto Relist,6,0,0
2624560897,CONTROL,Fashion,2) 10-20,Auto Relist,58,0,0
2494265559,TREATMENT,Collectibles,1) 0-10,Auto Relist,25,3,3
1023389849,TREATMENT,Home & Garden,3) 20-50,Auto Relist,10,0,0
2245494554,CONTROL,Media,3) 20-50,Auto Relist,9,0,0
2816579776,CONTROL,Lifestyle,4) 50-100,Shelby/Magi Native,3,1,1
2663114974,TREATMENT,Collectibles,1) 0-10,Auto Relist,2,0,0
46258922,CONTROL,Fashion,4) 50-100,Auto Relist,15,0,0
223862892,TREATMENT,Collectibles,2) 10-20,Helix,4,0,0
884212366,TREATMENT,Media,2) 10-20,Shelby/Magi Native,2,0,0
1262220359,TREATMENT,Fashion,1) 0-10,Shelby/Magi Native,2,1,1
2227137444,CONTROL,Fashion,2) 10-20,Auto Relist,31,0,0
1845430141,CONTROL,Home & Garden,1) 0-10,Auto Relist,1,0,0
1019781392,TREATMENT,Media,1) 0-10,Auto Relist,17,0,0
109445511,TREATMENT,Fashion,2) 10-20,Auto Relist,21,0,0
2016630624,CONTROL,Collectibles,1) 0-10,Auto Relist,10,0,1
2610743869,CONTROL,Fashion,1) 0-10,Helix,15,0,0
2182975141,TREATMENT,Collectibles,1) 0-10,Auto Relist,69,0,0
2813664896,CONTROL,Collectibles,2) 10-20,Shelby/Magi Native,4,0,0
436860430,TREATMENT,Fashion,2) 10-20,Shelby/Magi Native,15,1,1
110002920,CONTROL,Collectibles,1) 0-10,Shelby/Magi Native,6,0,0
1376089805,TREATMENT,Media,2) 10-20,BLING/Magical Bling,60,0,0
1816715787,CONTROL,Fashion,2) 10-20,Helix,9,0,0
886089113,CONTROL,Collectibles,1) 0-10,Auto Relist,6,0,0
2418984963,CONTROL,Collectibles,2) 10-20,Helix,21,11,11
1055207376,CONTROL,Collectibles,3) 20-50,BLING/Magical Bling,4,0,0
2297394681,CONTROL,Media,1) 0-10,Helix,35,2,2
1020885827,TREATMENT,Home & Garden,1) 0-10,Auto Relist,4,0,0
2542432166,CONTROL,Fashion,3) 20-50,Shelby/Magi Native,2,0,0
2767880704,CONTROL,Fashion,2) 10-20,Shelby/Magi Native,2,1,1
2075126736,TREATMENT,Home & Garden,1) 0-10,Shelby/Magi Native,10,0,0
112897326,CONTROL,Collectibles,1) 0-10,Auto Relist,7,1,1
2654210796,CONTROL,Collectibles,2) 10-20,Auto Relist,1,0,0
1667558561,CONTROL,Collectibles,1) 0-10,Shelby/Magi Native,1,0,0
1679433149,CONTROL,Fashion,6) 200-500,Shelby/Magi Native,5,1,1
1732253257,CONTROL,Collectibles,4) 50-100,BLING/Magical Bling,1,0,0
41730076,TREATMENT,Home & Garden,2) 10-20,Auto Relist,14,0,0
2249312037,TREATMENT,Media,1) 0-10,Shelby/Magi Native,31,0,0
127980329,TREATMENT,Collectibles,1) 0-10,Auto Relist,37,0,0
1276904897,CONTROL,Fashion,5) 100-200,Helix,5,0,0
2820313254,CONTROL,Collectibles,2) 10-20,Shelby/Magi Native,3,0,0
132501428,CONTROL,Fashion,3) 20-50,Shelby/Magi Native,3,0,0
58167195,TREATMENT,Parts & Accessories,2) 10-20,BLING/Magical Bling,21,0,0
2734220205,TREATMENT,Media,2) 10-20,BLING/Magical Bling,10,0,0
1209524829,CONTROL,Fashion,1) 0-10,Shelby/Magi Native,20,1,1
1375019206,TREATMENT,Home & Garden,1) 0-10,Helix,4,1,1
76406723,TREATMENT,Collectibles,3) 20-50,Shelby/Magi Native,7,4,6
2548121221,CONTROL,Fashion,1) 0-10,BLING/Magical Bling,24,2,2
1354378462,TREATMENT,Collectibles,1) 0-10,Shelby/Magi Native,28,0,0
2309769759,TREATMENT,Electronics,2) 10-20,Helix,2,0,0
1285229858,CONTROL,Fashion,3) 20-50,Shelby/Magi Native,3,1,1
160734384,CONTROL,Fashion,2) 10-20,Helix,31,3,4
2581218405,CONTROL,Collectibles,1) 0-10,Shelby/Magi Native,27,1,1
2714209958,TREATMENT,Collectibles,6) 200-500,Auto Relist,2,0,0
14588736,CONTROL,Lifestyle,3) 20-50,Auto Relist,1,0,0
2653968878,CONTROL,Media,1) 0-10,BLING/Magical Bling,4,0,0
218623997,CONTROL,Business & Industrial,1) 0-10,Auto Relist,10,0,0
1101793317,CONTROL,Electronics,3) 20-50,Auto Relist,6,1,1
2531780103,CONTROL,Collectibles,3) 20-50,Helix,1,0,0
1167446927,TREATMENT,Parts & Accessories,6) 200-500,Shelby/Magi Native,2,0,0
970141662,CONTROL,Fashion,3) 20-50,Auto Relist,3,1,1
1148559860,CONTROL,Fashion,2) 10-20,Shelby/Magi Native,11,0,0
115017818,TREATMENT,Fashion,4) 50-100,Auto Relist,2,0,0
1250062655,CONTROL,Collectibles,3) 20-50,Auto Relist,2,0,0
123836345,TREATMENT,Fashion,3) 20-50,Auto Relist,3,0,0
1185908101,CONTROL,Fashion,2) 10-20,Auto Relist,12,0,0
438459775,TREATMENT,Lifestyle,1) 0-10,Auto Relist,1,0,0
867216727,TREATMENT,Collectibles,1) 0-10,Shelby/Magi Native,5,1,1
2658478468,CONTROL,Media,4) 50-100,Auto Relist,58,0,0
2503777783,TREATMENT,Collectibles,2) 10-20,Auto Relist,3,1,1
789930528,CONTROL,Collectibles,1) 0-10,Helix,3,0,0
1352186919,CONTROL,Collectibles,1) 0-10,Helix,14,0,0
1816287127,TREATMENT,Collectibles,8) >750,Auto Relist,2,0,0
2141093985,TREATMENT,Home & Garden,3) 20-50,BLING/Magical Bling,6,0,0
58603368,CONTROL,Collectibles,4) 50-100,Helix,6,2,3
2769983009,TREATMENT,Collectibles,1) 0-10,Auto Relist,94,11,13
2292202504,TREATMENT,Electronics,5) 100-200,Helix,1,0,0
214947381,CONTROL,Fashion,1) 0-10,Auto Relist,32,2,2
1006699435,CONTROL,Fashion,3) 20-50,Shelby/Magi Native,7,1,1
2038618232,CONTROL,Parts & Accessories,5) 100-200,Shelby/Magi Native,3,0,0
435875152,CONTROL,Fashion,2) 10-20,Native B2C BOLT,7,0,0
1040638841,TREATMENT,Fashion,6) 200-500,Helix,8,1,1
113573358,CONTROL,Fashion,3) 20-50,Shelby/Magi Native,1,0,1
13222491,CONTROL,Home & Garden,2) 10-20,Auto Relist,1,0,0
1149886424,CONTROL,Fashion,2) 10-20,Shelby/Magi Native,1,0,0
1352450921,TREATMENT,Collectibles,1) 0-10,Shelby/Magi Native,2,0,0
2439445074,CONTROL,Fashion,2) 10-20,Shelby/Magi Native,26,1,1
2692479769,CONTROL,Collectibles,2) 10-20,Auto Relist,19,1,1
2009877170,CONTROL,Collectibles,1) 0-10,Helix,76,0,1
2655664528,TREATMENT,Collectibles,6) 200-500,Shelby/Magi Native,1,0,0
1376670783,TREATMENT,Fashion,1) 0-10,Auto Relist,37,0,1
1067814832,TREATMENT,Collectibles,1) 0-10,Auto Relist,2,0,0
2686434791,TREATMENT,Lifestyle,7) 500-750,Shelby/Magi Native,1,0,0
1200564314,CONTROL,Collectibles,3) 20-50,Auto Relist,12,0,0
1352996183,TREATMENT,Fashion,4) 50-100,Helix,6,2,2
1187215347,CONTROL,Parts & Accessories,3) 20-50,Shelby/Magi Native,4,0,0
1262451589,CONTROL,Fashion,2) 10-20,Shelby/Magi Native,3,0,0
106941566,CONTROL,Fashion,1) 0-10,Shelby/Magi Native,3,2,2
44848566,CONTROL,Fashion,1) 0-10,Auto Relist,36,0,0
1120776464,CONTROL,Electronics,1) 0-10,Auto Relist,6,0,0
109519522,CONTROL,Fashion,1) 0-10,Auto Relist,6,0,0
1700737270,CONTROL,Home & Garden,4) 50-100,Auto Relist,5,0,0
139540913,CONTROL,Collectibles,1) 0-10,Shelby/Magi Native,3,1,1
337918436,CONTROL,Fashion,4) 50-100,Native B2C BOLT,1,0,0
1357942228,TREATMENT,Collectibles,4) 50-100,Shelby/Magi Native,3,2,3
187120703,TREATMENT,Fashion,2) 10-20,Shelby/Magi Native,14,1,1
858929796,CONTROL,Fashion,5) 100-200,Shelby/Magi Native,16,0,0
1057357952,CONTROL,Home & Garden,3) 20-50,C2C BOLT,1,0,0
2413586677,CONTROL,Media,2) 10-20,Helix,22,1,1
21925936,CONTROL,Media,2) 10-20,Helix,25,0,0
1115468293,TREATMENT,Fashion,2) 10-20,Shelby/Magi Native,6,6,6
1829352003,TREATMENT,Fashion,1) 0-10,Auto Relist,16,0,0
2084388716,TREATMENT,Collectibles,2) 10-20,Auto Relist,9,1,1
2438423568,CONTROL,Home & Garden,2) 10-20,Others,2,1,1
70404787,TREATMENT,Home & Garden,1) 0-10,Helix,1,0,0
2294396429,TREATMENT,Collectibles,1) 0-10,Auto Relist,1,0,0
189247597,TREATMENT,Collectibles,2) 10-20,Helix,28,0,1
1006587904,CONTROL,Fashion,3) 20-50,Auto Relist,4,0,0
2735588596,TREATMENT,Parts & Accessories,3) 20-50,Shelby/Magi Native,19,0,0
998665017,TREATMENT,Fashion,1) 0-10,Auto Relist,61,0,0
290281000,CONTROL,Collectibles,3) 20-50,Helix,12,6,7
63564272,CONTROL,Media,2) 10-20,Helix,23,1,1
1545479740,CONTROL,Collectibles,4) 50-100,Shelby/Magi Native,2,0,0
2271013246,TREATMENT,Fashion,2) 10-20,Auto Relist,14,2,2
1012886841,TREATMENT,Home & Garden,1) 0-10,Shelby/Magi Native,1,0,0
2340433705,CONTROL,Media,4) 50-100,Shelby/Magi Native,2,1,1
1144051934,CONTROL,Fashion,3) 20-50,Shelby/Magi Native,10,2,2
926696893,TREATMENT,Fashion,2) 10-20,Shelby/Magi Native,7,3,3
2732212433,CONTROL,Electronics,2) 10-20,Shelby/Magi Native,5,2,2
1165069649,TREATMENT,Fashion,3) 20-50,Shelby/Magi Native,5,0,0
80615635,TREATMENT,Fashion,1) 0-10,Shelby/Magi Native,10,0,0
94718815,CONTROL,Home & Garden,1) 0-10,Shelby/Magi Native,7,0,0
1092031555,CONTROL,Fashion,4) 50-100,Shelby/Magi Native,1,0,0
2668608424,CONTROL,Electronics,1) 0-10,Auto Relist,1,0,0
2662743596,CONTROL,Fashion,1) 0-10,Shelby/Magi Native,7,0,0
2721025430,CONTROL,Collectibles,1) 0-10,Shelby/Magi Native,10,0,0
2686490719,CONTROL,Fashion,3) 20-50,Shelby/Magi Native,9,0,0
13831663,TREATMENT,Home & Garden,3) 20-50,Auto Relist,3,0,0
873574730,CONTROL,Lifestyle,1) 0-10,Auto Relist,2,0,0
1928551876,CONTROL,Fashion,3) 20-50,Shelby/Magi Native,2,1,1
651982459,CONTROL,Business & Industrial,3) 20-50,Shelby/Magi Native,1,0,0
2303202021,TREATMENT,Collectibles,4) 50-100,Shelby/Magi Native,1,0,0
201898074,CONTROL,Media,1) 0-10,BLING/Magical Bling,3,0,0
2826345224,TREATMENT,Collectibles,4) 50-100,Helix,16,4,5
180465162,CONTROL,Collectibles,1) 0-10,Shelby/Magi Native,12,0,0
110609234,TREATMENT,Home & Garden,2) 10-20,Auto Relist,3,0,0
1742635531,CONTROL,Fashion,6) 200-500,Shelby/Magi Native,1,1,1
911412707,CONTROL,Fashion,1) 0-10,Shelby/Magi Native,22,0,0
2834103271,TREATMENT,Collectibles,1) 0-10,Shelby/Magi Native,1,0,0
1272118866,TREATMENT,Fashion,2) 10-20,Shelby/Magi Native,1,0,0
2610554780,CONTROL,Fashion,1) 0-10,BLING/Magical Bling,7,0,0
2273550169,TREATMENT,Media,2) 10-20,Helix,13,4,5
293539266,CONTROL,Fashion,2) 10-20,Shelby/Magi Native,6,0,1
2471698977,CONTROL,Fashion,2) 10-20,Auto Relist,2,1,1
1214597517,TREATMENT,Collectibles,1) 0-10,Auto Relist,21,0,0
1540542975,TREATMENT,Collectibles,5) 100-200,Others,1,1,1
785371055,TREATMENT,Fashion,3) 20-50,Helix,5,0,0
1192342511,TREATMENT,Fashion,3) 20-50,Shelby/Magi Native,3,0,0
1413323982,CONTROL,Fashion,3) 20-50,Shelby/Magi Native,19,3,4
1052642276,CONTROL,Fashion,5) 100-200,Auto Relist,4,0,0
2492965650,TREATMENT,Media,2) 10-20,Shelby/Magi Native,16,0,0
99360767,CONTROL,Collectibles,3) 20-50,Shelby/Magi Native,3,0,0
2704821827,CONTROL,Collectibles,3) 20-50,BLING/Magical Bling,28,1,1
1052875836,TREATMENT,Fashion,1) 0-10,Helix,15,6,6
438459775,TREATMENT,Home & Garden,2) 10-20,Auto Relist,1,0,0
1155221500,TREATMENT,Fashion,2) 10-20,Auto Relist,8,0,0
1369350639,TREATMENT,Lifestyle,5) 100-200,Auto Relist,1,0,0
1760077539,CONTROL,Fashion,3) 20-50,Auto Relist,1,0,0
81322478,CONTROL,Media,1) 0-10,Others,43,1,1
1075071491,CONTROL,Fashion,1) 0-10,Others,1,0,0
1372853519,TREATMENT,Fashion,1) 0-10,Helix,7,0,0
1381358545,CONTROL,Collectibles,2) 10-20,Shelby/Magi Native,4,1,1
14143202,CONTROL,Electronics,3) 20-50,Helix,1,0,0
1905277116,TREATMENT,Fashion,2) 10-20,Shelby/Magi Native,3,0,0
2208895876,CONTROL,Collectibles,1) 0-10,Shelby/Magi Native,38,15,20
2519314725,TREATMENT,Lifestyle,4) 50-100,Helix,33,1,1
1895412421,CONTROL,Fashion,1) 0-10,Shelby/Magi Native,3,0,0
188108817,TREATMENT,Collectibles,8) >750,BLING/Magical Bling,8,0,0
2834013151,CONTROL,Media,2) 10-20,Others,23,1,1
32990621,CONTROL,Collectibles,2) 10-20,Auto Relist,5,1,1
37094559,TREATMENT,Fashion,3) 20-50,Auto Relist,3,0,0
2197600732,TREATMENT,Media,1) 0-10,Auto Relist,13,2,2
2539951959,CONTROL,Fashion,3) 20-50,Shelby/Magi Native,4,0,0
102340446,TREATMENT,Fashion,2) 10-20,Auto Relist,56,1,1
725098558,CONTROL,Collectibles,2) 10-20,Auto Relist,15,0,0
54730485,CONTROL,Media,1) 0-10,Others,8,0,0
966908899,TREATMENT,Fashion,2) 10-20,Shelby/Magi Native,16,4,4
2121507333,CONTROL,Fashion,3) 20-50,Shelby/Magi Native,4,1,1
148732911,CONTROL,Fashion,3) 20-50,Auto Relist,4,0,0
1112325524,CONTROL,Collectibles,1) 0-10,Shelby/Magi Native,10,3,9
1676489561,CONTROL,Fashion,2) 10-20,Shelby/Magi Native,3,1,1
205825025,CONTROL,Media,4) 50-100,Shelby/Magi Native,1,1,1
2547603652,TREATMENT,Lifestyle,3) 20-50,Shelby/Magi Native,4,1,1
1103621450,TREATMENT,Lifestyle,8) >750,Auto Relist,18,0,0
2039851487,TREATMENT,Fashion,1) 0-10,Shelby/Magi Native,1,0,0
2087612942,TREATMENT,Electronics,3) 20-50,Shelby/Magi Native,7,0,0
995520582,TREATMENT,Collectibles,4) 50-100,Shelby/Magi Native,1,0,0
201808208,TREATMENT,Fashion,2) 10-20,Shelby/Magi Native,16,2,5
1009355468,CONTROL,Collectibles,1) 0-10,Shelby/Magi Native,4,1,1
1141745402,TREATMENT,Media,1) 0-10,BLING/Magical Bling,4,0,0
2261475585,TREATMENT,Media,1) 0-10,Auto Relist,8,0,0
1834271031,CONTROL,Fashion,2) 10-20,Auto Relist,1,0,0
67237422,TREATMENT,Parts & Accessories,2) 10-20,Helix,1,0,0
2613309171,CONTROL,Home & Garden,1) 0-10,Shelby/Magi Native,3,2,2
2588282848,TREATMENT,Collectibles,1) 0-10,Shelby/Magi Native,1,0,0
137260311,TREATMENT,Collectibles,3) 20-50,Shelby/Magi Native,8,0,0
180437628,CONTROL,Collectibles,4) 50-100,Helix,1,0,0
2653475806,CONTROL,Fashion,3) 20-50,3rd party API,4,0,0
880190442,TREATMENT,Electronics,3) 20-50,Helix,5,0,0
1469403826,CONTROL,Collectibles,1) 0-10,Shelby/Magi Native,1,0,0
2747341988,TREATMENT,Fashion,5) 100-200,Native B2C BOLT,15,0,0
1484935826,CONTROL,Media,2) 10-20,C2C BOLT,1,0,0
1188470230,TREATMENT,Collectibles,2) 10-20,Auto Relist,1,0,0
1298030764,TREATMENT,Electronics,1) 0-10,Helix,3,0,0
65824329,TREATMENT,Collectibles,3) 20-50,Shelby/Magi Native,1,1,1
1723243359,TREATMENT,Collectibles,1) 0-10,Auto Relist,5,0,0
2545618854,CONTROL,Collectibles,1) 0-10,Auto Relist,2,0,0
1363990904,TREATMENT,Fashion,3) 20-50,Shelby/Magi Native,10,0,0
2667061780,TREATMENT,Collectibles,5) 100-200,Shelby/Magi Native,3,2,2
1453826779,TREATMENT,Media,1) 0-10,Shelby/Magi Native,14,1,1
1214982533,TREATMENT,Fashion,2) 10-20,BLING/Magical Bling,41,0,0
228134359,TREATMENT,Lifestyle,5) 100-200,Shelby/Magi Native,3,1,1
424809170,CONTROL,Lifestyle,4) 50-100,Helix,9,1,1
1091145821,TREATMENT,Fashion,6) 200-500,Shelby/Magi Native,1,1,1
302710808,TREATMENT,Collectibles,2) 10-20,Auto Relist,8,0,0
2241267968,CONTROL,Collectibles,3) 20-50,Shelby/Magi Native,7,0,0
1965835744,TREATMENT,Lifestyle,4) 50-100,Shelby/Magi Native,2,0,0
34963662,TREATMENT,Fashion,1) 0-10,Shelby/Magi Native,17,2,2
2657717820,TREATMENT,Collectibles,1) 0-10,Others,15,12,13
968809398,CONTROL,Electronics,2) 10-20,Auto Relist,2,0,0
86951031,TREATMENT,Electronics,2) 10-20,Shelby/Magi Native,13,1,1
676636296,TREATMENT,Collectibles,6) 200-500,Auto Relist,2,0,0
2256155442,CONTROL,Fashion,2) 10-20,Shelby/Magi Native,10,1,1
269748864,TREATMENT,Collectibles,1) 0-10,BLING/Magical Bling,7,0,0
518422136,TREATMENT,Collectibles,3) 20-50,Shelby/Magi Native,10,0,0
170920658,CONTROL,Collectibles,1) 0-10,Auto Relist,4,0,1
674154368,CONTROL,Electronics,3) 20-50,Native B2C BOLT,2,0,1
2802450855,CONTROL,Fashion,1) 0-10,Shelby/Magi Native,44,5,6
1070053532,CONTROL,Parts & Accessories,5) 100-200,Shelby/Magi Native,2,0,1
1433261509,CONTROL,Media,2) 10-20,Auto Relist,10,0,0
2061683459,TREATMENT,Fashion,3) 20-50,Shelby/Magi Native,3,0,0
382159017,TREATMENT,Home & Garden,1) 0-10,Others,1,0,1
185369840,CONTROL,Fashion,3) 20-50,Shelby/Magi Native,13,1,3
1598300961,CONTROL,Media,2) 10-20,BLING/Magical Bling,21,2,2
687123705,TREATMENT,Collectibles,1) 0-10,Shelby/Magi Native,4,1,1
2809865133,TREATMENT,Collectibles,2) 10-20,Shelby/Magi Native,5,4,4
1150858030,TREATMENT,Collectibles,3) 20-50,Auto Relist,5,2,2
168632227,TREATMENT,Fashion,3) 20-50,Auto Relist,27,0,0
1988280696,TREATMENT,Home & Garden,3) 20-50,Helix,2,0,0
999674607,CONTROL,Electronics,5) 100-200,Shelby/Magi Native,3,0,0
1058257095,CONTROL,Fashion,1) 0-10,Shelby/Magi Native,4,0,0
1713927008,TREATMENT,Collectibles,4) 50-100,Shelby/Magi Native,3,1,1
1299952871,CONTROL,Fashion,2) 10-20,Auto Relist,11,0,0
58249606,CONTROL,Fashion,2) 10-20,Others,1,0,1
2663219120,TREATMENT,Fashion,3) 20-50,Shelby/Magi Native,42,4,6
1148347270,CONTROL,Electronics,3) 20-50,BLING/Magical Bling,37,2,3
106505863,TREATMENT,Collectibles,1) 0-10,Auto Relist,2,0,0
942528056,CONTROL,Parts & Accessories,1) 0-10,Others,8,3,4
1858460578,TREATMENT,Media,2) 10-20,Shelby/Magi Native,4,0,0
1367582360,TREATMENT,Fashion,1) 0-10,Helix,1,0,0
849363435,CONTROL,Home & Garden,3) 20-50,Shelby/Magi Native,5,0,0
429515098,CONTROL,Fashion,2) 10-20,Helix,8,2,3
1678635131,CONTROL,Media,2) 10-20,Shelby/Magi Native,6,0,0
217521652,TREATMENT,Fashion,1) 0-10,Shelby/Magi Native,2,0,1
1150150836,CONTROL,Fashion,2) 10-20,Shelby/Magi Native,7,1,4
1103454545,CONTROL,Media,1) 0-10,Auto Relist,8,1,1
30752053,TREATMENT,Fashion,1) 0-10,Shelby/Magi Native,10,1,1
880578912,CONTROL,Media,1) 0-10,Auto Relist,3,0,0
1055621905,CONTROL,Home & Garden,1) 0-10,BLING/Magical Bling,3,1,1
279605649,TREATMENT,Fashion,1) 0-10,Shelby/Magi Native,1,0,0
1805830700,TREATMENT,Fashion,3) 20-50,Shelby/Magi Native,14,5,6
2333474073,CONTROL,Collectibles,1) 0-10,Auto Relist,7,4,6
126501122,CONTROL,Collectibles,4) 50-100,Auto Relist,2,0,0
1714778814,TREATMENT,Business & Industrial,4) 50-100,Helix,1,0,0
537295869,CONTROL,Fashion,2) 10-20,Shelby/Magi Native,15,0,0
1045667951,CONTROL,Fashion,2) 10-20,BLING/Magical Bling,1,0,0
1196800359,CONTROL,Collectibles,2) 10-20,Shelby/Magi Native,1,0,0
1293170825,TREATMENT,Collectibles,3) 20-50,Helix,1,0,0
81715147,CONTROL,Collectibles,2) 10-20,Auto Relist,25,8,10
2759097396,TREATMENT,Collectibles,1) 0-10,Auto Relist,17,0,0
2421348292,CONTROL,Parts & Accessories,1) 0-10,Auto Relist,2,0,0
2018760091,CONTROL,Fashion,1) 0-10,Auto Relist,103,8,9
1101950629,CONTROL,Fashion,1) 0-10,Shelby/Magi Native,5,0,0
271914004,TREATMENT,Fashion,1) 0-10,Shelby/Magi Native,1,1,1
706071724,CONTROL,Parts & Accessories,5) 100-200,Shelby/Magi Native,2,0,0
1902930968,TREATMENT,Media,5) 100-200,Shelby/Magi Native,5,0,0
2245494554,CONTROL,Media,2) 10-20,Others,6,1,1
2617686645,TREATMENT,Fashion,4) 50-100,Auto Relist,3,0,0
2690235553,CONTROL,Collectibles,1) 0-10,Auto Relist,39,4,4
1472528863,CONTROL,Collectibles,4) 50-100,Auto Relist,6,0,0
1477274401,TREATMENT,Fashion,3) 20-50,Auto Relist,1,1,1
946044771,CONTROL,Home & Garden,1) 0-10,Auto Relist,2,0,0
2260483575,TREATMENT,Collectibles,6) 200-500,Auto Relist,1,0,0
1563717131,CONTROL,Fashion,5) 100-200,Shelby/Magi Native,2,0,0
126988611,TREATMENT,Home & Garden,1) 0-10,Shelby/Magi Native,8,1,1
99022194,TREATMENT,Parts & Accessories,2) 10-20,Auto Relist,1,0,0
2711054084,TREATMENT,Fashion,2) 10-20,Auto Relist,1,0,0
1443855882,CONTROL,Home & Garden,1) 0-10,Auto Relist,5,0,0
2684546660,CONTROL,Parts & Accessories,1) 0-10,Others,7,0,0
2489090244,CONTROL,Collectibles,6) 200-500,Others,4,2,2
1761070200,CONTROL,Parts & Accessories,2) 10-20,Shelby/Magi Native,3,1,1
2238124485,CONTROL,Electronics,3) 20-50,Helix,1,0,0
1088687074,TREATMENT,Collectibles,2) 10-20,Helix,6,3,4
2638628429,TREATMENT,Fashion,3) 20-50,Auto Relist,3,0,0
71441620,CONTROL,Fashion,1) 0-10,Auto Relist,8,0,0
69458991,CONTROL,Electronics,2) 10-20,Auto Relist,1,0,0
96474926,TREATMENT,Lifestyle,1) 0-10,Shelby/Magi Native,3,0,0
2223824234,CONTROL,Fashion,2) 10-20,Shelby/Magi Native,3,2,2
1387474572,CONTROL,Fashion,3) 20-50,Auto Relist,4,0,0
688602625,CONTROL,Electronics,2) 10-20,Shelby/Magi Native,4,1,1
1478210553,TREATMENT,Collectibles,1) 0-10,Helix,5,2,2
1096202985,TREATMENT,Collectibles,2) 10-20,Shelby/Magi Native,5,1,1
1519620136,TREATMENT,Fashion,2) 10-20,BLING/Magical Bling,12,0,0
2742519686,CONTROL,Collectibles,1) 0-10,Others,9,0,0
1561128551,CONTROL,Lifestyle,4) 50-100,BLING/Magical Bling,1,0,0
1748289049,CONTROL,Collectibles,2) 10-20,Shelby/Magi Native,28,0,0
72289252,TREATMENT,Collectibles,2) 10-20,Auto Relist,65,0,0
1073390089,TREATMENT,Fashion,3) 20-50,Others,1,0,0
123159336,CONTROL,Lifestyle,3) 20-50,Auto Relist,4,0,0
601585918,TREATMENT,Collectibles,1) 0-10,Auto Relist,5,0,0
664239170,CONTROL,Parts & Accessories,3) 20-50,BLING/Magical Bling,2,0,0
1189925960,CONTROL,Fashion,1) 0-10,BLING/Magical Bling,13,0,0
2567955994,CONTROL,Home & Garden,2) 10-20,Shelby/Magi Native,12,0,0
2630659645,TREATMENT,Collectibles,1) 0-10,Shelby/Magi Native,9,2,2
1895325322,TREATMENT,Collectibles,1) 0-10,Native B2C BOLT,11,0,0
163978506,CONTROL,Media,3) 20-50,Shelby/Magi Native,2,0,0
925908398,TREATMENT,Media,2) 10-20,Helix,25,0,1
382825044,CONTROL,Collectibles,2) 10-20,Auto Relist,4,0,0
1082294558,TREATMENT,Collectibles,2) 10-20,Helix,1,0,0
2735852867,TREATMENT,Media,4) 50-100,Helix,6,0,3
75395228,CONTROL,Collectibles,2) 10-20,Shelby/Magi Native,6,3,3
774408651,TREATMENT,Fashion,2) 10-20,Shelby/Magi Native,4,1,1
2382094578,CONTROL,Media,1) 0-10,Auto Relist,40,0,0
49134279,CONTROL,Collectibles,1) 0-10,Auto Relist,43,2,2
2763267708,TREATMENT,Media,2) 10-20,Auto Relist,7,0,0
2598648986,CONTROL,Collectibles,1) 0-10,Shelby/Magi Native,11,1,4
2446462814,CONTROL,Fashion,2) 10-20,BLING/Magical Bling,8,0,1
2535810360,CONTROL,Media,3) 20-50,Shelby/Magi Native,1,0,0
901602731,TREATMENT,Fashion,1) 0-10,Helix,1,1,1
306374512,TREATMENT,Collectibles,2) 10-20,Shelby/Magi Native,1,1,1
2729468213,TREATMENT,Home & Garden,1) 0-10,Auto Relist,1,0,0
98170693,CONTROL,Fashion,1) 0-10,Shelby/Magi Native,8,2,4
30852287,TREATMENT,Collectibles,2) 10-20,Shelby/Magi Native,8,5,6
2570583188,CONTROL,Fashion,4) 50-100,Others,3,0,0
305438447,TREATMENT,Electronics,1) 0-10,Auto Relist,1,1,1
976730512,TREATMENT,Collectibles,4) 50-100,Auto Relist,1,0,0
1383634116,TREATMENT,Collectibles,2) 10-20,BLING/Magical Bling,17,0,0
747978196,CONTROL,Lifestyle,3) 20-50,Auto Relist,8,1,1
182377870,TREATMENT,Media,3) 20-50,Helix,30,23,26
1685790984,CONTROL,Fashion,4) 50-100,Auto Relist,4,0,0
355114504,TREATMENT,Fashion,1) 0-10,Auto Relist,17,0,0
2116456842,CONTROL,Collectibles,5) 100-200,Shelby/Magi Native,2,0,0
2543458314,CONTROL,Collectibles,4) 50-100,Shelby/Magi Native,11,2,4
1314978087,CONTROL,Collectibles,1) 0-10,Helix,29,0,1
2532752563,TREATMENT,Collectibles,1) 0-10,Auto Relist,14,0,0
83962093,TREATMENT,Electronics,2) 10-20,Auto Relist,2,0,0
1489590155,CONTROL,Collectibles,1) 0-10,Shelby/Magi Native,9,1,1
2368869330,TREATMENT,Collectibles,2) 10-20,Auto Relist,6,0,0
1266665296,CONTROL,Collectibles,5) 100-200,Shelby/Magi Native,7,2,2
1048499096,TREATMENT,Collectibles,1) 0-10,Auto Relist,5,0,0
756266655,TREATMENT,Fashion,2) 10-20,Auto Relist,12,1,1
123934962,TREATMENT,Lifestyle,4) 50-100,Others,4,0,2
1126959020,TREATMENT,Home & Garden,1) 0-10,Helix,7,0,0
2439167592,CONTROL,Parts & Accessories,6) 200-500,Shelby/Magi Native,5,0,0
1723087454,CONTROL,Media,1) 0-10,Helix,2,1,2
2482114884,TREATMENT,Collectibles,3) 20-50,Shelby/Magi Native,3,1,1
2793167232,TREATMENT,Electronics,4) 50-100,Auto Relist,1,0,0
1719650703,CONTROL,Fashion,3) 20-50,Shelby/Magi Native,8,0,0
1201844102,TREATMENT,Collectibles,4) 50-100,Shelby/Magi Native,26,0,0
286876758,CONTROL,Home & Garden,1) 0-10,BLING/Magical Bling,11,1,1
128767285,TREATMENT,Media,1) 0-10,Helix,16,1,1
2647122221,TREATMENT,Electronics,3) 20-50,Shelby/Magi Native,3,0,0
1964685529,CONTROL,Business & Industrial,2) 10-20,3rd party API,1,0,0
2432255721,TREATMENT,Collectibles,1) 0-10,Shelby/Magi Native,2,0,0
2676616732,TREATMENT,Collectibles,3) 20-50,Auto Relist,1,0,0
194147827,CONTROL,Parts & Accessories,3) 20-50,Shelby/Magi Native,1,1,1
1697905585,CONTROL,Collectibles,1) 0-10,BLING/Magical Bling,13,0,2
1391031578,CONTROL,Fashion,2) 10-20,BLING/Magical Bling,26,4,4
1908690726,CONTROL,Collectibles,3) 20-50,Auto Relist,1,0,0
2094336223,CONTROL,Electronics,2) 10-20,Shelby/Magi Native,6,2,3
2719249329,CONTROL,Home & Garden,3) 20-50,Shelby/Magi Native,1,0,1
2828549958,TREATMENT,Collectibles,2) 10-20,Others,1,0,0
139693888,TREATMENT,Collectibles,2) 10-20,Auto Relist,7,0,0
1337608052,CONTROL,Fashion,6) 200-500,BLING/Magical Bling,18,0,0
2832509149,CONTROL,Collectibles,3) 20-50,Shelby/Magi Native,3,2,2
2769512406,TREATMENT,Electronics,2) 10-20,Helix,1,0,0
1132813564,TREATMENT,Collectibles,1) 0-10,Auto Relist,7,0,0
2828709200,CONTROL,Collectibles,3) 20-50,Shelby/Magi Native,5,0,0
2474929439,TREATMENT,Collectibles,3) 20-50,Shelby/Magi Native,4,0,0
2829746455,CONTROL,Fashion,3) 20-50,Shelby/Magi Native,4,1,1
2313125383,CONTROL,Fashion,2) 10-20,Auto Relist,1,0,0
71774049,CONTROL,Collectibles,1) 0-10,Auto Relist,4,1,1
1024639810,TREATMENT,Fashion,4) 50-100,Shelby/Magi Native,3,0,0
58940694,CONTROL,Fashion,1) 0-10,Shelby/Magi Native,13,0,0
2792710034,TREATMENT,Collectibles,2) 10-20,Auto Relist,1,1,1
11889802,TREATMENT,Lifestyle,1) 0-10,Auto Relist,45,0,1
1002413463,CONTROL,Fashion,2) 10-20,Auto Relist,13,1,1
2212508165,CONTROL,Fashion,3) 20-50,Shelby/Magi Native,29,9,12
211721515,CONTROL,Fashion,2) 10-20,Helix,3,2,2
1044494204,CONTROL,Lifestyle,6) 200-500,Others,2,1,1
1283624554,TREATMENT,Collectibles,2) 10-20,Helix,15,4,11
843938128,CONTROL,Collectibles,3) 20-50,C2C BOLT,1,1,1
1936146081,CONTROL,Media,3) 20-50,BLING/Magical Bling,24,0,0
207373858,TREATMENT,Fashion,1) 0-10,Shelby/Magi Native,2,0,0
2297428972,TREATMENT,Lifestyle,2) 10-20,Auto Relist,1,0,0
2818306428,CONTROL,Collectibles,4) 50-100,Shelby/Magi Native,1,0,0
1967458748,CONTROL,Fashion,2) 10-20,Others,1,0,0
123335247,TREATMENT,Fashion,3) 20-50,Auto Relist,1,0,0
294993444,CONTROL,Home & Garden,5) 100-200,Auto Relist,2,0,0
13947238,TREATMENT,Collectibles,3) 20-50,Shelby/Magi Native,23,1,1
1006443184,TREATMENT,Fashion,3) 20-50,Helix,3,0,0
37714053,CONTROL,Electronics,6) 200-500,Helix,2,2,2
1024361565,CONTROL,Collectibles,4) 50-100,Shelby/Magi Native,8,3,5
186416871,CONTROL,Media,2) 10-20,Shelby/Magi Native,3,0,0
1705650273,CONTROL,Collectibles,4) 50-100,BLING/Magical Bling,7,0,0
180801991,TREATMENT,Electronics,1) 0-10,Shelby/Magi Native,3,0,0
1127544072,CONTROL,Fashion,2) 10-20,Shelby/Magi Native,2,0,0
205151232,CONTROL,Fashion,1) 0-10,Auto Relist,10,0,0
1085886080,TREATMENT,Home & Garden,1) 0-10,Shelby/Magi Native,6,1,2
98038249,TREATMENT,Collectibles,2) 10-20,BLING/Magical Bling,12,0,0
139913366,TREATMENT,Parts & Accessories,2) 10-20,Shelby/Magi Native,1,0,0
1119115024,TREATMENT,Fashion,2) 10-20,Shelby/Magi Native,31,0,0
1496716909,TREATMENT,Fashion,3) 20-50,Shelby/Magi Native,3,0,0
816761588,TREATMENT,Fashion,5) 100-200,Shelby/Magi Native,2,1,1
1064586385,TREATMENT,Fashion,3) 20-50,Shelby/Magi Native,6,0,0
1078643472,CONTROL,Collectibles,2) 10-20,Helix,8,8,8
1000478752,CONTROL,Parts & Accessories,2) 10-20,Helix,2,0,0
2487836234,TREATMENT,Home & Garden,2) 10-20,Shelby/Magi Native,4,2,2
45855798,TREATMENT,Media,1) 0-10,Auto Relist,24,0,1
1118269199,TREATMENT,Collectibles,3) 20-50,Helix,4,0,0
839891163,TREATMENT,Media,5) 100-200,Auto Relist,4,0,0
2581248677,TREATMENT,Fashion,3) 20-50,Shelby/Magi Native,1,0,0
1787906414,CONTROL,Collectibles,8) >750,Shelby/Magi Native,2,0,0
2795070997,TREATMENT,Home & Garden,3) 20-50,Native B2C BOLT,6,3,4
1287443763,TREATMENT,Fashion,2) 10-20,Shelby/Magi Native,1,1,1
1512101677,CONTROL,Fashion,3) 20-50,Auto Relist,22,0,0
1106665256,CONTROL,Collectibles,4) 50-100,Shelby/Magi Native,1,1,1
1619746910,TREATMENT,Home & Garden,1) 0-10,BLING/Magical Bling,30,0,0
1484082086,TREATMENT,Lifestyle,4) 50-100,Shelby/Magi Native,8,7,7
2835992135,TREATMENT,Collectibles,2) 10-20,Shelby/Magi Native,6,4,4
150996518,TREATMENT,Collectibles,3) 20-50,Helix,12,5,6
2203267380,CONTROL,Collectibles,2) 10-20,Shelby/Magi Native,4,2,2
147835739,CONTROL,Fashion,5) 100-200,Shelby/Magi Native,9,0,0
2689642155,CONTROL,Parts & Accessories,2) 10-20,BLING/Magical Bling,1,0,0
140747976,CONTROL,Media,2) 10-20,Helix,7,1,1
2629740516,CONTROL,Electronics,3) 20-50,Shelby/Magi Native,5,2,2
1319776895,TREATMENT,Collectibles,1) 0-10,Auto Relist,2,0,0
38477424,TREATMENT,Media,1) 0-10,Auto Relist,9,3,3
2084980649,CONTROL,Collectibles,8) >750,Shelby/Magi Native,2,2,2
932410054,TREATMENT,Fashion,1) 0-10,Auto Relist,27,0,0
2707430038,TREATMENT,Collectibles,1) 0-10,Shelby/Magi Native,15,1,2
236400658,TREATMENT,Collectibles,3) 20-50,Auto Relist,1,0,0
2632138848,TREATMENT,Collectibles,2) 10-20,Auto Relist,13,0,0
163848979,TREATMENT,Collectibles,3) 20-50,Others,1,0,1
2046449100,TREATMENT,Fashion,5) 100-200,Shelby/Magi Native,2,0,0
1181666531,CONTROL,Media,2) 10-20,Auto Relist,9,1,1
1165433570,CONTROL,Home & Garden,4) 50-100,Auto Relist,1,0,0
108028792,TREATMENT,Collectibles,4) 50-100,Helix,5,0,0
134083869,CONTROL,Fashion,1) 0-10,Helix,29,0,0
2829746860,TREATMENT,Collectibles,4) 50-100,Shelby/Magi Native,15,6,6
243305428,TREATMENT,Fashion,1) 0-10,Auto Relist,47,3,4
661007379,TREATMENT,Fashion,1) 0-10,Auto Relist,24,4,4
138839933,TREATMENT,Fashion,2) 10-20,Auto Relist,2,0,0
2321594528,TREATMENT,Fashion,6) 200-500,Auto Relist,3,0,0
190203343,TREATMENT,Fashion,2) 10-20,Shelby/Magi Native,13,1,1
1383629537,TREATMENT,Lifestyle,3) 20-50,Auto Relist,2,0,0
2167718364,CONTROL,Fashion,2) 10-20,Auto Relist,22,1,2
1239839340,TREATMENT,Fashion,3) 20-50,Shelby/Magi Native,1,0,0
2830799621,TREATMENT,Collectibles,2) 10-20,Auto Relist,7,0,0
2732083826,CONTROL,Home & Garden,2) 10-20,Auto Relist,5,0,0
59984682,TREATMENT,Home & Garden,2) 10-20,Auto Relist,2,0,0
1488505599,CONTROL,Collectibles,2) 10-20,Shelby/Magi Native,14,1,1
1545624225,CONTROL,Parts & Accessories,2) 10-20,Shelby/Magi Native,5,5,5
141121112,TREATMENT,Fashion,4) 50-100,Auto Relist,1,0,0
1115952988,CONTROL,Fashion,2) 10-20,Auto Relist,7,0,0
2027933991,TREATMENT,Fashion,1) 0-10,Auto Relist,3,0,0
2695930588,TREATMENT,Media,3) 20-50,Auto Relist,4,0,0
148280398,TREATMENT,Collectibles,2) 10-20,Auto Relist,13,0,0
2750799248,TREATMENT,Media,4) 50-100,Others,1,0,1
9292527,CONTROL,Collectibles,2) 10-20,BLING/Magical Bling,5,0,0
2085011358,TREATMENT,Lifestyle,6) 200-500,Shelby/Magi Native,1,0,0
427517448,CONTROL,Lifestyle,3) 20-50,Helix,2,0,0
1100823313,TREATMENT,Fashion,1) 0-10,Auto Relist,8,2,2
1101115077,TREATMENT,Media,1) 0-10,Auto Relist,12,1,1
1152681602,TREATMENT,Collectibles,3) 20-50,BLING/Magical Bling,20,0,0
1067606039,TREATMENT,Fashion,1) 0-10,Helix,15,3,4
1183246938,TREATMENT,Fashion,3) 20-50,Shelby/Magi Native,20,4,5
620125491,CONTROL,Business & Industrial,1) 0-10,Helix,2,0,0
2574090173,CONTROL,Fashion,2) 10-20,Shelby/Magi Native,1,0,0
313641920,TREATMENT,Collectibles,2) 10-20,Auto Relist,3,0,0
1260348265,TREATMENT,Fashion,2) 10-20,Auto Relist,9,1,1
1269755025,TREATMENT,Media,3) 20-50,Shelby/Magi Native,2,1,1
2595111456,TREATMENT,Media,1) 0-10,Auto Relist,4,0,0
1238018839,TREATMENT,Collectibles,3) 20-50,Auto Relist,4,0,0
235377938,TREATMENT,Collectibles,7) 500-750,Auto Relist,2,0,0
81626506,CONTROL,Collectibles,3) 20-50,Shelby/Magi Native,1,0,0
18890237,TREATMENT,Lifestyle,4) 50-100,Auto Relist,1,0,0
1667763025,TREATMENT,Parts & Accessories,4) 50-100,Shelby/Magi Native,9,1,1
2703224201,TREATMENT,Business & Industrial,2) 10-20,Helix,1,0,0
2657597158,TREATMENT,Collectibles,2) 10-20,Shelby/Magi Native,11,1,1
2833566542,TREATMENT,Fashion,2) 10-20,Others,8,3,3
1544985858,TREATMENT,Fashion,1) 0-10,Others,3,0,0
95431759,CONTROL,Collectibles,2) 10-20,Shelby/Magi Native,3,1,1
93846090,TREATMENT,Fashion,2) 10-20,Auto Relist,31,0,0
2588206690,CONTROL,Fashion,3) 20-50,Auto Relist,1,0,0
1858782486,CONTROL,Media,2) 10-20,Shelby/Magi Native,4,1,1
297288339,TREATMENT,Home & Garden,6) 200-500,Auto Relist,1,0,0
1577315585,TREATMENT,Fashion,1) 0-10,Auto Relist,16,0,0
1784714330,CONTROL,Collectibles,1) 0-10,Auto Relist,24,0,0
173989681,TREATMENT,Fashion,1) 0-10,Shelby/Magi Native,2,1,1
1100829479,TREATMENT,Media,2) 10-20,Helix,8,0,0
1477822011,CONTROL,Collectibles,1) 0-10,Shelby/Magi Native,2,0,0
132317018,TREATMENT,Fashion,1) 0-10,Auto Relist,7,1,1
1624834666,TREATMENT,Electronics,2) 10-20,Auto Relist,9,0,0
322584886,TREATMENT,Media,1) 0-10,Helix,11,6,6
1640983223,CONTROL,Collectibles,2) 10-20,Shelby/Magi Native,10,0,1
1921582889,CONTROL,Media,1) 0-10,Shelby/Magi Native,3,0,0
1075586753,CONTROL,Collectibles,4) 50-100,Helix,3,0,0
2062221666,CONTROL,Home & Garden,1) 0-10,Shelby/Magi Native,16,0,0
1015220957,CONTROL,Fashion,2) 10-20,Shelby/Magi Native,3,0,0
98637209,CONTROL,Media,3) 20-50,Shelby/Magi Native,26,0,0
2310684611,TREATMENT,Collectibles,1) 0-10,BLING/Magical Bling,15,1,1
1289440930,CONTROL,Fashion,3) 20-50,Auto Relist,1,0,0
143670426,TREATMENT,Media,1) 0-10,Shelby/Magi Native,37,0,4
131967502,CONTROL,Fashion,3) 20-50,Auto Relist,10,1,2
110448545,CONTROL,Fashion,1) 0-10,BLING/Magical Bling,24,0,0
1899103463,CONTROL,Collectibles,3) 20-50,Helix,1,1,1
40928474,TREATMENT,Electronics,5) 100-200,Helix,1,1,1
2541513275,CONTROL,Lifestyle,4) 50-100,BLING/Magical Bling,2,0,0
2786924875,CONTROL,Collectibles,4) 50-100,Auto Relist,3,0,0
2453706,TREATMENT,Collectibles,3) 20-50,Auto Relist,46,1,3
2486217083,CONTROL,Fashion,3) 20-50,Shelby/Magi Native,3,0,0
2541865642,CONTROL,Lifestyle,2) 10-20,Shelby/Magi Native,2,1,1
87669738,TREATMENT,Fashion,1) 0-10,Auto Relist,6,0,0
1409859993,TREATMENT,Fashion,1) 0-10,Shelby/Magi Native,19,3,4
1520420486,TREATMENT,Collectibles,1) 0-10,Shelby/Magi Native,12,11,11
2329243293,CONTROL,Business & Industrial,1) 0-10,Native B2C BOLT,1,0,0
139128166,TREATMENT,Collectibles,1) 0-10,BLING/Magical Bling,22,0,0
100265079,TREATMENT,Collectibles,2) 10-20,Auto Relist,1,0,0
45911279,TREATMENT,Lifestyle,4) 50-100,Helix,2,1,2
112446809,CONTROL,Business & Industrial,1) 0-10,BLING/Magical Bling,14,0,0
210088878,CONTROL,Collectibles,2) 10-20,C2C BOLT,2,0,1
1107809526,CONTROL,Fashion,3) 20-50,Auto Relist,1,0,0
1373978468,TREATMENT,Fashion,2) 10-20,Shelby/Magi Native,2,0,0
1192618094,CONTROL,Media,1) 0-10,Shelby/Magi Native,12,0,0
1528141919,TREATMENT,Electronics,3) 20-50,Shelby/Magi Native,2,1,1
926920020,TREATMENT,Collectibles,4) 50-100,Shelby/Magi Native,1,1,1
2250644326,TREATMENT,Collectibles,2) 10-20,Helix,14,1,2
2782566416,TREATMENT,Electronics,4) 50-100,Shelby/Magi Native,1,0,0
2564235004,TREATMENT,Electronics,6) 200-500,Shelby/Magi Native,1,1,1
349236641,TREATMENT,Fashion,3) 20-50,Shelby/Magi Native,4,0,1
2206589180,CONTROL,Electronics,6) 200-500,Helix,1,1,1
30278167,CONTROL,Fashion,1) 0-10,Auto Relist,17,1,1
984691835,TREATMENT,Electronics,2) 10-20,Shelby/Magi Native,2,0,0
2684708549,TREATMENT,Collectibles,1) 0-10,Shelby/Magi Native,14,14,14
13693897,TREATMENT,Fashion,4) 50-100,Shelby/Magi Native,1,1,1
75399698,CONTROL,Fashion,3) 20-50,Helix,1,0,0
136891910,TREATMENT,Fashion,3) 20-50,BLING/Magical Bling,2,0,0
2392234095,CONTROL,Collectibles,3) 20-50,Shelby/Magi Native,1,0,0
103758792,TREATMENT,Collectibles,2) 10-20,Auto Relist,24,1,1
2158274361,TREATMENT,Collectibles,4) 50-100,Auto Relist,13,0,0
2791842275,TREATMENT,Fashion,1) 0-10,Shelby/Magi Native,2,0,0
265914966,CONTROL,Lifestyle,1) 0-10,Shelby/Magi Native,1,1,1
701329908,CONTROL,Parts & Accessories,3) 20-50,Shelby/Magi Native,2,0,0
396313015,CONTROL,Collectibles,1) 0-10,Auto Relist,18,0,0
1084157257,TREATMENT,Fashion,1) 0-10,Auto Relist,2,0,0
903390461,TREATMENT,Fashion,1) 0-10,Auto Relist,1,0,0
120620041,TREATMENT,Media,2) 10-20,Auto Relist,14,1,1
154999472,TREATMENT,Collectibles,3) 20-50,Auto Relist,17,0,0
184411618,TREATMENT,Media,2) 10-20,Auto Relist,9,0,0
145324568,TREATMENT,Collectibles,3) 20-50,Helix,1,0,0
218026160,TREATMENT,Media,4) 50-100,Helix,1,0,0
2528676732,CONTROL,Fashion,4) 50-100,Others,1,1,1
103993763,TREATMENT,Collectibles,2) 10-20,Helix,3,0,0
1190995904,TREATMENT,Home & Garden,2) 10-20,Auto Relist,2,0,0
2707596254,TREATMENT,Media,1) 0-10,Auto Relist,2,0,0
155205845,CONTROL,Collectibles,4) 50-100,Auto Relist,8,0,0
993533419,TREATMENT,Collectibles,2) 10-20,Helix,7,1,2
2623663115,TREATMENT,Parts & Accessories,4) 50-100,Shelby/Magi Native,6,0,0
1151165488,CONTROL,Home & Garden,4) 50-100,Shelby/Magi Native,1,0,0
90079451,CONTROL,Collectibles,1) 0-10,Auto Relist,6,0,0
243260177,CONTROL,Collectibles,3) 20-50,Shelby/Magi Native,5,2,2
2483587635,CONTROL,Fashion,4) 50-100,BLING/Magical Bling,4,0,0
2678691256,CONTROL,Home & Garden,1) 0-10,Auto Relist,3,0,0
1139401385,TREATMENT,Fashion,2) 10-20,Shelby/Magi Native,4,0,0
1389377927,TREATMENT,Fashion,2) 10-20,Shelby/Magi Native,14,1,1
2415196949,TREATMENT,Fashion,2) 10-20,Shelby/Magi Native,5,0,0
2642681166,CONTROL,Collectibles,3) 20-50,Auto Relist,3,0,0
1831524596,CONTROL,Fashion,1) 0-10,Auto Relist,5,1,1
1171274607,TREATMENT,Parts & Accessories,7) 500-750,Shelby/Magi Native,2,0,0
1183733855,CONTROL,Collectibles,1) 0-10,Helix,12,0,0
2835463079,CONTROL,Fashion,2) 10-20,3rd party API,2,2,2
182192296,CONTROL,Lifestyle,4) 50-100,Auto Relist,1,0,0
1975539130,CONTROL,Fashion,3) 20-50,Helix,1,1,1
732083341,TREATMENT,Collectibles,2) 10-20,Shelby/Magi Native,14,0,0
1511337656,CONTROL,Fashion,2) 10-20,Helix,11,0,0
863247488,CONTROL,Fashion,1) 0-10,BLING/Magical Bling,5,0,0
140774057,TREATMENT,Home & Garden,1) 0-10,Auto Relist,1,0,0
1868476824,TREATMENT,Fashion,3) 20-50,Others,1,1,1
2667911982,CONTROL,Parts & Accessories,3) 20-50,Shelby/Magi Native,4,0,0
2476389175,CONTROL,Fashion,3) 20-50,Shelby/Magi Native,2,1,1
2833821783,CONTROL,Fashion,4) 50-100,Shelby/Magi Native,2,0,0
1072337817,CONTROL,Collectibles,2) 10-20,Auto Relist,1,0,0
129406365,CONTROL,Home & Garden,1) 0-10,Auto Relist,44,0,0
82048265,TREATMENT,Collectibles,3) 20-50,Shelby/Magi Native,10,6,6
2153640375,CONTROL,Home & Garden,2) 10-20,Shelby/Magi Native,1,0,0
1475875454,TREATMENT,Media,7) 500-750,Auto Relist,1,0,0
1688109721,CONTROL,Media,1) 0-10,Shelby/Magi Native,22,0,3
2085179594,TREATMENT,Collectibles,2) 10-20,Auto Relist,52,1,1
1617148920,CONTROL,Collectibles,1) 0-10,Shelby/Magi Native,7,1,1
96698008,TREATMENT,Fashion,2) 10-20,Helix,3,0,0
2836519819,TREATMENT,Electronics,3) 20-50,Others,1,1,1
1596158896,TREATMENT,Media,3) 20-50,BLING/Magical Bling,1,0,0
2805285826,CONTROL,Media,1) 0-10,Shelby/Magi Native,34,5,8
1658904503,TREATMENT,Fashion,1) 0-10,Auto Relist,6,0,0
214765929,TREATMENT,Collectibles,1) 0-10,Shelby/Magi Native,2,0,0
1071975404,TREATMENT,Collectibles,1) 0-10,Auto Relist,8,0,0
1149363428,CONTROL,Fashion,3) 20-50,Auto Relist,6,0,0
1002213943,TREATMENT,Fashion,1) 0-10,Auto Relist,22,0,1
1073760936,TREATMENT,Fashion,3) 20-50,Shelby/Magi Native,2,0,0
56345772,CONTROL,Collectibles,3) 20-50,Helix,8,0,1
1507372465,TREATMENT,Media,1) 0-10,Auto Relist,1,0,0
170956868,CONTROL,Fashion,4) 50-100,Auto Relist,3,0,0
2807902814,CONTROL,Fashion,1) 0-10,Shelby/Magi Native,3,0,0
1435568804,CONTROL,Media,1) 0-10,Auto Relist,8,0,0
96263298,CONTROL,Parts & Accessories,1) 0-10,Auto Relist,6,0,0
30755622,CONTROL,Collectibles,5) 100-200,Others,1,0,0
2706488612,CONTROL,Fashion,3) 20-50,Auto Relist,11,1,1
2118532053,CONTROL,Collectibles,2) 10-20,BLING/Magical Bling,5,0,0
2837689995,TREATMENT,Home & Garden,3) 20-50,Shelby/Magi Native,4,1,1
169472041,TREATMENT,Media,2) 10-20,Shelby/Magi Native,13,0,0
2740069116,TREATMENT,Fashion,2) 10-20,Shelby/Magi Native,7,0,0
1037102730,CONTROL,Collectibles,4) 50-100,Auto Relist,7,0,0
1361527388,TREATMENT,Collectibles,1) 0-10,Shelby/Magi Native,8,1,1
2455022184,CONTROL,Fashion,3) 20-50,Shelby/Magi Native,4,4,4
2156898936,CONTROL,Parts & Accessories,2) 10-20,Auto Relist,1,0,0
170625248,CONTROL,Collectibles,1) 0-10,Auto Relist,3,0,0
866089461,TREATMENT,Home & Garden,2) 10-20,Auto Relist,2,0,0
649723466,CONTROL,Fashion,2) 10-20,Auto Relist,4,2,2
26683239,CONTROL,Collectibles,1) 0-10,Others,1,0,0
134264020,CONTROL,Parts & Accessories,2) 10-20,BLING/Magical Bling,8,0,0
2241963479,TREATMENT,Fashion,3) 20-50,Shelby/Magi Native,29,10,12
80598399,CONTROL,Media,2) 10-20,Helix,2,0,0
1016182430,CONTROL,Collectibles,1) 0-10,Shelby/Magi Native,3,0,1
186039955,CONTROL,Collectibles,3) 20-50,Shelby/Magi Native,2,0,0
2612150894,CONTROL,Fashion,1) 0-10,Shelby/Magi Native,17,4,5
700678530,CONTROL,Home & Garden,6) 200-500,Shelby/Magi Native,1,1,1
52429568,TREATMENT,Parts & Accessories,1) 0-10,Auto Relist,1,0,0
2192299585,CONTROL,Business & Industrial,1) 0-10,Shelby/Magi Native,5,5,5
129552220,TREATMENT,Collectibles,4) 50-100,Auto Relist,5,0,0
803738676,TREATMENT,Fashion,5) 100-200,Shelby/Magi Native,1,0,0
1514681980,CONTROL,Home & Garden,3) 20-50,Auto Relist,3,0,0
546376400,TREATMENT,Lifestyle,6) 200-500,Shelby/Magi Native,2,0,0
2691103944,CONTROL,Collectibles,4) 50-100,Shelby/Magi Native,8,4,4
1896929812,TREATMENT,Fashion,5) 100-200,Others,1,0,0
1086758848,TREATMENT,Fashion,2) 10-20,Shelby/Magi Native,15,0,0
2462372066,TREATMENT,Fashion,2) 10-20,Shelby/Magi Native,1,0,0
79293415,CONTROL,Fashion,1) 0-10,Shelby/Magi Native,4,0,0
2479228915,CONTROL,Lifestyle,2) 10-20,Auto Relist,2,0,0
2210592888,CONTROL,Fashion,4) 50-100,Others,1,0,0
995904443,TREATMENT,Collectibles,1) 0-10,Shelby/Magi Native,1,0,0
1608202079,CONTROL,Fashion,2) 10-20,Shelby/Magi Native,15,0,0
165815120,TREATMENT,Fashion,1) 0-10,Auto Relist,9,0,0
1463717100,TREATMENT,Lifestyle,3) 20-50,Shelby/Magi Native,2,2,2
346591205,TREATMENT,Media,5) 100-200,Helix,1,1,1
70634336,CONTROL,Home & Garden,3) 20-50,Auto Relist,3,0,0
656944841,TREATMENT,Electronics,3) 20-50,Shelby/Magi Native,7,7,7
1873140187,TREATMENT,Fashion,2) 10-20,Shelby/Magi Native,4,0,0
922553976,CONTROL,Collectibles,4) 50-100,Shelby/Magi Native,1,0,1
832401606,CONTROL,Fashion,4) 50-100,Shelby/Magi Native,2,0,0
2607491410,TREATMENT,Parts & Accessories,4) 50-100,Shelby/Magi Native,2,0,0
2730846323,CONTROL,Fashion,3) 20-50,Shelby/Magi Native,3,2,2
59201685,TREATMENT,Collectibles,1) 0-10,BLING/Magical Bling,8,0,0
121049431,CONTROL,Collectibles,2) 10-20,Helix,8,1,1
767147777,CONTROL,Collectibles,1) 0-10,Auto Relist,7,1,1
659096792,TREATMENT,Fashion,3) 20-50,BLING/Magical Bling,9,0,0
19588108,TREATMENT,Collectibles,4) 50-100,BLING/Magical Bling,2,0,0
2661553488,TREATMENT,Fashion,3) 20-50,Shelby/Magi Native,14,0,0
114163787,TREATMENT,Media,2) 10-20,Shelby/Magi Native,11,6,10
150380593,TREATMENT,Fashion,3) 20-50,Shelby/Magi Native,3,0,0
1417767537,CONTROL,Parts & Accessories,5) 100-200,Auto Relist,1,0,0
395918327,CONTROL,Fashion,5) 100-200,Shelby/Magi Native,3,0,0
2183466536,CONTROL,Electronics,1) 0-10,Others,2,0,1
61262723,CONTROL,Fashion,3) 20-50,Helix,1,1,1
1562817919,CONTROL,Collectibles,1) 0-10,Shelby/Magi Native,6,0,0
1131948943,CONTROL,Home & Garden,1) 0-10,Auto Relist,1,0,0
2425211534,TREATMENT,Media,2) 10-20,Auto Relist,2,0,0
124273772,CONTROL,Collectibles,1) 0-10,Shelby/Magi Native,2,1,1
621839947,TREATMENT,Fashion,1) 0-10,Shelby/Magi Native,10,1,1
2402149737,CONTROL,Home & Garden,1) 0-10,Shelby/Magi Native,7,1,2
178886463,TREATMENT,Fashion,2) 10-20,Shelby/Magi Native,1,0,0
1324850057,TREATMENT,Collectibles,5) 100-200,BLING/Magical Bling,25,0,2
82305702,CONTROL,Home & Garden,2) 10-20,Shelby/Magi Native,2,2,2
69184030,CONTROL,Media,4) 50-100,Helix,1,0,0
2362971286,TREATMENT,Collectibles,6) 200-500,Shelby/Magi Native,5,1,1
1100433918,CONTROL,Collectibles,1) 0-10,Shelby/Magi Native,1,0,0
1146763578,TREATMENT,Collectibles,1) 0-10,Auto Relist,2,0,0
882457811,TREATMENT,Collectibles,1) 0-10,Auto Relist,2,0,0
2084217590,CONTROL,Media,3) 20-50,Auto Relist,9,0,0
1105641849,CONTROL,Collectibles,2) 10-20,Shelby/Magi Native,1,0,0
2033496933,TREATMENT,Fashion,4) 50-100,Helix,2,1,1
650027153,TREATMENT,Collectibles,2) 10-20,Shelby/Magi Native,1,0,0
792306939,TREATMENT,Media,3) 20-50,BLING/Magical Bling,10,0,0
1096224366,CONTROL,Fashion,1) 0-10,Auto Relist,3,0,0
1815121387,CONTROL,Fashion,4) 50-100,Auto Relist,9,0,0
221849575,TREATMENT,Media,2) 10-20,Auto Relist,1,0,0
974196033,TREATMENT,Parts & Accessories,4) 50-100,Auto Relist,2,0,0
159739719,CONTROL,Fashion,2) 10-20,Auto Relist,3,0,0
897719318,TREATMENT,Fashion,2) 10-20,Auto Relist,4,2,2
1302369993,CONTROL,Collectibles,3) 20-50,Others,2,1,1
1026989613,CONTROL,Collectibles,2) 10-20,Shelby/Magi Native,2,2,2
164062599,CONTROL,Collectibles,2) 10-20,Auto Relist,1,0,0
1833233531,TREATMENT,Collectibles,4) 50-100,Auto Relist,2,0,0
752316549,CONTROL,Home & Garden,1) 0-10,Auto Relist,13,1,1
1033254270,CONTROL,Fashion,2) 10-20,Helix,2,0,0
1148805301,TREATMENT,Fashion,5) 100-200,Shelby/Magi Native,1,0,0
163072069,CONTROL,Collectibles,1) 0-10,BLING/Magical Bling,5,0,0
1076309685,CONTROL,Fashion,2) 10-20,Others,7,1,2
146663497,CONTROL,Electronics,4) 50-100,Others,1,0,1
988038495,TREATMENT,Collectibles,1) 0-10,Auto Relist,1,0,0
1216720901,TREATMENT,Electronics,3) 20-50,Shelby/Magi Native,7,1,1
124980861,TREATMENT,Lifestyle,2) 10-20,Helix,7,0,7
1089688239,TREATMENT,Fashion,5) 100-200,Shelby/Magi Native,1,0,0
2106018347,TREATMENT,Collectibles,1) 0-10,Shelby/Magi Native,1,1,1
2548440878,CONTROL,Fashion,4) 50-100,Shelby/Magi Native,2,0,0
121321415,CONTROL,Collectibles,1) 0-10,Helix,1,0,0
1150503519,CONTROL,Fashion,1) 0-10,Auto Relist,14,1,1
1005709348,CONTROL,Electronics,5) 100-200,Others,1,0,1
852820318,TREATMENT,Media,4) 50-100,BLING/Magical Bling,1,0,0
2777285627,TREATMENT,Collectibles,4) 50-100,Shelby/Magi Native,3,0,1
1746442326,TREATMENT,Collectibles,4) 50-100,BLING/Magical Bling,2,0,0
1850345495,CONTROL,Fashion,3) 20-50,Shelby/Magi Native,9,0,1
129134538,CONTROL,Parts & Accessories,5) 100-200,C2C BOLT,1,0,0
1286270429,CONTROL,Home & Garden,3) 20-50,Helix,12,0,1
1813577997,TREATMENT,Home & Garden,3) 20-50,Shelby/Magi Native,1,0,0
2177353333,TREATMENT,Collectibles,5) 100-200,Helix,3,2,3
39291731,TREATMENT,Media,1) 0-10,Auto Relist,3,0,0
2489090244,CONTROL,Collectibles,5) 100-200,Others,3,2,2
2199260513,TREATMENT,Home & Garden,1) 0-10,Shelby/Magi Native,2,0,0
35782952,CONTROL,Collectibles,3) 20-50,Helix,5,0,0
1307093379,CONTROL,Media,1) 0-10,Others,1,1,1
1672982458,CONTROL,Fashion,3) 20-50,Shelby/Magi Native,4,3,3
242047916,TREATMENT,Collectibles,1) 0-10,Auto Relist,3,0,0
2662358065,TREATMENT,Home & Garden,1) 0-10,BLING/Magical Bling,2,0,0
2721008037,CONTROL,Collectibles,4) 50-100,Auto Relist,5,1,1
1036683377,TREATMENT,Collectibles,3) 20-50,BLING/Magical Bling,7,1,1
2748470351,TREATMENT,Electronics,4) 50-100,Helix,5,4,4
1040700455,CONTROL,Collectibles,6) 200-500,Shelby/Magi Native,1,0,0
1083621726,CONTROL,Fashion,1) 0-10,BLING/Magical Bling,6,0,0
1084231296,TREATMENT,Collectibles,1) 0-10,Shelby/Magi Native,4,3,3
1150435264,TREATMENT,Lifestyle,1) 0-10,BLING/Magical Bling,7,0,0
124642072,CONTROL,Media,2) 10-20,Shelby/Magi Native,1,0,0
2416575101,TREATMENT,Parts & Accessories,5) 100-200,Shelby/Magi Native,4,0,0
294488907,TREATMENT,Fashion,1) 0-10,Auto Relist,6,0,0
257776103,TREATMENT,Fashion,3) 20-50,Auto Relist,1,0,0
2399667182,TREATMENT,Collectibles,1) 0-10,Shelby/Magi Native,3,0,0
148699014,CONTROL,Media,1) 0-10,Auto Relist,17,0,0
1184590390,TREATMENT,Fashion,4) 50-100,Shelby/Magi Native,2,1,1
297139941,CONTROL,Fashion,1) 0-10,Auto Relist,6,0,0
1818933819,CONTROL,Collectibles,1) 0-10,Shelby/Magi Native,2,2,2
83796715,TREATMENT,Electronics,5) 100-200,Shelby/Magi Native,3,3,3
2323891853,CONTROL,Collectibles,5) 100-200,Shelby/Magi Native,1,1,1
2176878105,CONTROL,Collectibles,1) 0-10,Auto Relist,10,1,1
110473429,CONTROL,Collectibles,2) 10-20,Auto Relist,3,0,0
1833285068,TREATMENT,Electronics,2) 10-20,Auto Relist,2,0,0
1715404425,TREATMENT,Lifestyle,2) 10-20,Shelby/Magi Native,1,1,1
1338318800,TREATMENT,Home & Garden,3) 20-50,Shelby/Magi Native,5,0,0
1185745413,CONTROL,Home & Garden,3) 20-50,Auto Relist,1,0,0
2179882400,TREATMENT,Media,4) 50-100,Helix,3,0,0
1846049804,CONTROL,Fashion,1) 0-10,Helix,25,0,0
2709815455,CONTROL,Collectibles,1) 0-10,Helix,23,2,2
302853681,TREATMENT,Home & Garden,2) 10-20,Helix,6,2,3
1077142036,CONTROL,Fashion,2) 10-20,Helix,2,0,0
2583981479,CONTROL,Collectibles,5) 100-200,Others,3,1,1
1099035919,CONTROL,Collectibles,3) 20-50,Shelby/Magi Native,9,2,3
2434635935,TREATMENT,Fashion,4) 50-100,Shelby/Magi Native,3,0,0
2795064298,CONTROL,Electronics,6) 200-500,Auto Relist,5,0,0
1024996203,CONTROL,Collectibles,3) 20-50,Helix,4,3,3
1654390943,CONTROL,Business & Industrial,4) 50-100,Shelby/Magi Native,2,0,0
741317879,CONTROL,Collectibles,2) 10-20,Auto Relist,4,0,0
144856086,TREATMENT,Collectibles,1) 0-10,Helix,6,1,1
27310631,CONTROL,Media,3) 20-50,Helix,9,0,1
2220865329,TREATMENT,Collectibles,2) 10-20,Auto Relist,1,0,0
185913653,CONTROL,Fashion,1) 0-10,Auto Relist,13,0,0
2172400888,CONTROL,Collectibles,1) 0-10,Shelby/Magi Native,17,12,16
291038000,CONTROL,Media,3) 20-50,Shelby/Magi Native,4,0,0
64220785,CONTROL,Collectibles,2) 10-20,Helix,10,1,1
2345381197,CONTROL,Lifestyle,1) 0-10,Shelby/Magi Native,1,0,0
933036005,TREATMENT,Fashion,2) 10-20,Shelby/Magi Native,2,0,0
2256143240,CONTROL,Collectibles,4) 50-100,Shelby/Magi Native,3,0,0
2625950849,TREATMENT,Fashion,4) 50-100,Helix,3,1,1
2023867272,TREATMENT,Collectibles,1) 0-10,Shelby/Magi Native,1,0,0
1294359582,TREATMENT,Home & Garden,3) 20-50,Auto Relist,1,0,0
2214154965,CONTROL,Collectibles,5) 100-200,Shelby/Magi Native,2,2,2
99772690,CONTROL,Fashion,3) 20-50,Auto Relist,7,0,0
2838491289,CONTROL,Fashion,6) 200-500,Helix,8,1,1
832286188,TREATMENT,Lifestyle,2) 10-20,Shelby/Magi Native,3,2,2
2127953493,TREATMENT,Lifestyle,1) 0-10,Auto Relist,2,0,0
2305181845,CONTROL,Collectibles,8) >750,Shelby/Magi Native,1,0,0
1757680395,CONTROL,Fashion,4) 50-100,Shelby/Magi Native,1,0,0
229680996,TREATMENT,Fashion,1) 0-10,Auto Relist,1,0,0
124373103,TREATMENT,Fashion,4) 50-100,Auto Relist,1,0,0
1073149999,CONTROL,Collectibles,5) 100-200,Shelby/Magi Native,1,1,1
3968110,TREATMENT,Home & Garden,3) 20-50,BLING/Magical Bling,2,0,0
1012339188,TREATMENT,Collectibles,2) 10-20,Auto Relist,1,0,0
2444518407,TREATMENT,Fashion,2) 10-20,Others,1,0,0
2420580936,CONTROL,Fashion,3) 20-50,Shelby/Magi Native,6,1,1
56172629,TREATMENT,Collectibles,2) 10-20,Helix,2,1,2
2314207739,TREATMENT,Fashion,4) 50-100,Shelby/Magi Native,8,3,3
2723307680,TREATMENT,Collectibles,4) 50-100,Shelby/Magi Native,4,2,2
2812048236,CONTROL,Media,1) 0-10,Shelby/Magi Native,18,0,0
1054664978,TREATMENT,Media,1) 0-10,Auto Relist,2,0,0
162812655,CONTROL,Collectibles,1) 0-10,Shelby/Magi Native,11,0,4
2751535931,CONTROL,Collectibles,1) 0-10,Shelby/Magi Native,5,3,3
2826152689,TREATMENT,Media,1) 0-10,Auto Relist,15,0,0
844368926,CONTROL,Fashion,2) 10-20,Auto Relist,16,0,0
685282470,TREATMENT,Collectibles,4) 50-100,Helix,4,1,1
1266381129,CONTROL,Home & Garden,1) 0-10,Helix,14,0,1
274118806,TREATMENT,Home & Garden,1) 0-10,Shelby/Magi Native,4,0,0
1890943790,TREATMENT,Lifestyle,2) 10-20,Shelby/Magi Native,2,1,2
1065438437,CONTROL,Fashion,3) 20-50,Auto Relist,4,0,0
1287757204,CONTROL,Parts & Accessories,4) 50-100,Others,1,0,0
1501124324,TREATMENT,Collectibles,2) 10-20,Auto Relist,2,0,0
55701223,TREATMENT,Electronics,3) 20-50,Helix,1,1,1
1753299362,CONTROL,Fashion,1) 0-10,Shelby/Magi Native,2,0,0
69666817,CONTROL,Collectibles,1) 0-10,Helix,6,1,1
1862336586,TREATMENT,Electronics,2) 10-20,Auto Relist,1,0,0
722580493,TREATMENT,Fashion,3) 20-50,Helix,9,0,0
2058906907,TREATMENT,Fashion,2) 10-20,Shelby/Magi Native,2,0,0
